<?xml version="1.0" encoding="UTF-8"?>
<quiz>
<!-- question: 0  -->
  <question type="category">
    <category>
        <text>$course$/CR/CR_Diff_03</text>

    </category>
  </question>

<!-- question: 98  -->
  <question type="stack">
    <name>
      <text>CR-Diff-03-higher-1.b</text>
    </name>
    <questiontext format="html">
      <text><![CDATA[<p>Find the following second derivative: \[ \frac{d^2}{d@v@^2}(@p@). \] [[input:ans1]] [[validation:ans1]]</p>]]></text>
    </questiontext>
    <generalfeedback format="html">
      <text><![CDATA[<p>The second derivative of a function $f(x)$ with respect to $x$ is \[\frac{d^2f}{dx^2}=\frac{d}{dx}\left(\frac{df}{dx}\right)\] So, if $f(@v@)=@p@$ then its second derivative is \[\begin{array}{rcl}\displaystyle \frac{d^2}{d@v@^2}(@p@) &amp;\displaystyle =&amp;\displaystyle \frac{d}{d@v@}\left[\frac{d}{d@v@}(@p@)\right] \\ &amp;\displaystyle =&amp;\displaystyle \frac{d}{d@v@}(@diff(p,v)@) \\ &amp;\displaystyle =&amp;\displaystyle @diff(p,v,2)@ \end{array}\]</p>]]></text>
    </generalfeedback>
    <defaultgrade>1.0000000</defaultgrade>
    <penalty>0.1000000</penalty>
    <hidden>0</hidden>
    <questionvariables>
      <text>v:z;
 rdm:2+rand(5);
 p:cos(rdm*v);</text>
    </questionvariables>
    <specificfeedback format="html">
      <text><![CDATA[<p>[[feedback:Result]]</p>]]></text>
    </specificfeedback>
    <questionnote>
      <text>\[\frac{d^2}{d@v@^2}(@p@) = @diff(p,v,2)@ \]</text>
    </questionnote>
    <questionsimplify>1</questionsimplify>
    <assumepositive>0</assumepositive>
    <prtcorrect format="html">
      <text><![CDATA[<p><span class="correct">Correct answer, well done.</span></p>]]></text>
    </prtcorrect>
    <prtpartiallycorrect format="html">
      <text><![CDATA[<p><span class="partially">Your answer is partially correct.</span></p>]]></text>
    </prtpartiallycorrect>
    <prtincorrect format="html">
      <text><![CDATA[<p><span class="incorrect">Incorrect answer.</span></p>]]></text>
    </prtincorrect>
    <multiplicationsign>dot</multiplicationsign>
    <sqrtsign>1</sqrtsign>
    <complexno>i</complexno>
    <variantsselectionseed></variantsselectionseed>
    <input>
      <name>ans1</name>
      <type>algebraic</type>
      <tans>diff(diff(p,v),v)</tans>
      <boxsize>15</boxsize>
      <strictsyntax>1</strictsyntax>
      <insertstars>0</insertstars>
      <syntaxhint></syntaxhint>
      <forbidwords>diff</forbidwords>
      <forbidfloat>1</forbidfloat>
      <requirelowestterms>1</requirelowestterms>
      <checkanswertype>1</checkanswertype>
      <mustverify>1</mustverify>
      <showvalidation>1</showvalidation>
    </input>
    <prt>
      <name>Result</name>
      <value>1.0000000</value>
      <autosimplify>1</autosimplify>
      <feedbackvariables>
        <text></text>
      </feedbackvariables>
      <node>
        <name>0</name>
        <answertest>Diff</answertest>
        <sans>ans1</sans>
        <tans>diff(diff(p,v),v)</tans>
        <testoptions>v</testoptions>
        <quiet>0</quiet>
        <truescoremode>=</truescoremode>
        <truescore>1.0000000</truescore>
        <truepenalty></truepenalty>
        <truenextnode>-1</truenextnode>
        <trueanswernote>Result-0-T </trueanswernote>
        <truefeedback format="html">
          <text></text>
        </truefeedback>
        <falsescoremode>=</falsescoremode>
        <falsescore>0.0000000</falsescore>
        <falsepenalty></falsepenalty>
        <falsenextnode>1</falsenextnode>
        <falseanswernote>Result-0-F </falseanswernote>
        <falsefeedback format="html">
          <text></text>
        </falsefeedback>
      </node>
      <node>
        <name>1</name>
        <answertest>AlgEquiv</answertest>
        <sans>ans1</sans>
        <tans>diff(diff(p,v),v)/rdm^2</tans>
        <testoptions></testoptions>
        <quiet>0</quiet>
        <truescoremode>=</truescoremode>
        <truescore>0.0000000</truescore>
        <truepenalty></truepenalty>
        <truenextnode>-1</truenextnode>
        <trueanswernote>Result-1-T </trueanswernote>
        <truefeedback format="html">
          <text><![CDATA[<p>The derivative of $\sin(mx)$ is $m\cos(mx)$. You appear to have mislaid a factor of @m^2@ so have you forgotten the $m=@rdm@$</p>]]></text>
        </truefeedback>
        <falsescoremode>=</falsescoremode>
        <falsescore>0.0000000</falsescore>
        <falsepenalty></falsepenalty>
        <falsenextnode>2</falsenextnode>
        <falseanswernote>Result-1-F </falseanswernote>
        <falsefeedback format="html">
          <text></text>
        </falsefeedback>
      </node>
      <node>
        <name>2</name>
        <answertest>AlgEquiv</answertest>
        <sans>ans1</sans>
        <tans>diff(diff(p,v),v)/rdm</tans>
        <testoptions></testoptions>
        <quiet>0</quiet>
        <truescoremode>=</truescoremode>
        <truescore>0.0000000</truescore>
        <truepenalty></truepenalty>
        <truenextnode>-1</truenextnode>
        <trueanswernote>Result-2-T </trueanswernote>
        <truefeedback format="html">
          <text><![CDATA[<p>Each time you differentiate $\cos{mx}$ oe $\sin(mx)$ a multiplicative factor of $m$ appears. If $f(x) = \cos(mx)$ then \[\frac{df}{dx}=-m\sin(mx),\] and so on. It appears that at some stage you forgot a multiplicative factor.</p>]]></text>
        </truefeedback>
        <falsescoremode>=</falsescoremode>
        <falsescore>0.0000000</falsescore>
        <falsepenalty></falsepenalty>
        <falsenextnode>3</falsenextnode>
        <falseanswernote>Result-2-F </falseanswernote>
        <falsefeedback format="html">
          <text></text>
        </falsefeedback>
      </node>
      <node>
        <name>3</name>
        <answertest>AlgEquiv</answertest>
        <sans>ans1</sans>
        <tans>diff(p,v)</tans>
        <testoptions></testoptions>
        <quiet>0</quiet>
        <truescoremode>=</truescoremode>
        <truescore>0.0000000</truescore>
        <truepenalty></truepenalty>
        <truenextnode>-1</truenextnode>
        <trueanswernote>Result-3-T </trueanswernote>
        <truefeedback format="html">
          <text><![CDATA[<p>You appear to have differentiated only once. Differentiate again to find the second derivative.</p>]]></text>
        </truefeedback>
        <falsescoremode>=</falsescoremode>
        <falsescore>0.0000000</falsescore>
        <falsepenalty></falsepenalty>
        <falsenextnode>-1</falsenextnode>
        <falseanswernote>Result-3-F </falseanswernote>
        <falsefeedback format="html">
          <text></text>
        </falsefeedback>
      </node>
    </prt>
    <deployedseed>1055203540</deployedseed>
    <deployedseed>1003227507</deployedseed>
    <deployedseed>985333842</deployedseed>
    <deployedseed>1850182862</deployedseed>
    <qtest>
      <testcase>1</testcase>
      <testinput>
        <name>ans1</name>
        <value>diff(diff(p,v),v)</value>
      </testinput>
      <expected>
        <name>Result</name>
        <expectedscore>1.0000000</expectedscore>
        <expectedpenalty>0.0000000</expectedpenalty>
        <expectedanswernote>Result-0-T</expectedanswernote>
      </expected>
    </qtest>
    <qtest>
      <testcase>2</testcase>
      <testinput>
        <name>ans1</name>
        <value>diff(diff(p,v),v)/rdm^2</value>
      </testinput>
      <expected>
        <name>Result</name>
        <expectedscore>0.0000000</expectedscore>
        <expectedpenalty>0.1000000</expectedpenalty>
        <expectedanswernote>Result-1-T</expectedanswernote>
      </expected>
    </qtest>
    <qtest>
      <testcase>3</testcase>
      <testinput>
        <name>ans1</name>
        <value>diff(diff(p,v),v)/rdm</value>
      </testinput>
      <expected>
        <name>Result</name>
        <expectedscore>0.0000000</expectedscore>
        <expectedpenalty>0.1000000</expectedpenalty>
        <expectedanswernote>Result-2-T</expectedanswernote>
      </expected>
    </qtest>
    <qtest>
      <testcase>4</testcase>
      <testinput>
        <name>ans1</name>
        <value>diff(p,v)</value>
      </testinput>
      <expected>
        <name>Result</name>
        <expectedscore>0.0000000</expectedscore>
        <expectedpenalty>0.1000000</expectedpenalty>
        <expectedanswernote>Result-3-T</expectedanswernote>
      </expected>
    </qtest>
  </question>

<!-- question: 99  -->
  <question type="stack">
    <name>
      <text>CR-Diff-03-higher-1.c</text>
    </name>
    <questiontext format="html">
      <text>Find the following second derivative:
 \[ \frac{d^2}{d@v@^2}(@p@). \]
 
 [[input:ans1]] [[validation:ans1]]</text>
    </questiontext>
    <generalfeedback format="html">
      <text><![CDATA[The second derivative of a function $f(x)$ with respect to $x$ is
 \[\frac{d^2f}{dx^2}=\frac{d}{dx}\left(\frac{df}{dx}\right)\]
 
 So, if $f(@v@)=@p@$ then its second derivative is
 
 \[\begin{array}{rcl}\displaystyle
   \frac{d^2}{d@v@^2}(@p@) &\displaystyle =&\displaystyle  \frac{d}{d@v@}\left[\frac{d}{d@v@}(@p@)\right] \\
    &\displaystyle =&\displaystyle  \frac{d}{d@v@}(@diff(pp1,v)-diff(pp2,v)@) \\
    &\displaystyle =&\displaystyle  @diff(p,v,2)@
  \end{array}\]]]></text>
    </generalfeedback>
    <defaultgrade>1.0000000</defaultgrade>
    <penalty>0.1000000</penalty>
    <hidden>0</hidden>
    <questionvariables>
      <text>v:z;
 rdm:2+rand(3);
 pp1:exp(rdm*v);
 pp2:exp(-rdm*v);
 p:pp1-pp2;</text>
    </questionvariables>
    <specificfeedback format="html">
      <text><![CDATA[<p>[[feedback:Result]]</p>]]></text>
    </specificfeedback>
    <questionnote>
      <text>\[\frac{d^2}{d@v@^2}(@p@) = @diff(p,v,2)@ \]</text>
    </questionnote>
    <questionsimplify>1</questionsimplify>
    <assumepositive>0</assumepositive>
    <prtcorrect format="html">
      <text><![CDATA[<span class='correct'>Correct answer, well done.</span>]]></text>
    </prtcorrect>
    <prtpartiallycorrect format="html">
      <text><![CDATA[<span class='partially'>Your answer is partially correct.</span>]]></text>
    </prtpartiallycorrect>
    <prtincorrect format="html">
      <text><![CDATA[<span class='incorrect'>Incorrect answer.</span>]]></text>
    </prtincorrect>
    <multiplicationsign>dot</multiplicationsign>
    <sqrtsign>1</sqrtsign>
    <complexno>i</complexno>
    <variantsselectionseed></variantsselectionseed>
    <input>
      <name>ans1</name>
      <type>algebraic</type>
      <tans>diff(diff(p,v),v)</tans>
      <boxsize>15</boxsize>
      <strictsyntax>1</strictsyntax>
      <insertstars>0</insertstars>
      <syntaxhint></syntaxhint>
      <forbidwords>diff</forbidwords>
      <forbidfloat>1</forbidfloat>
      <requirelowestterms>1</requirelowestterms>
      <checkanswertype>1</checkanswertype>
      <mustverify>1</mustverify>
      <showvalidation>1</showvalidation>
    </input>
    <prt>
      <name>Result</name>
      <value>1.0000000</value>
      <autosimplify>1</autosimplify>
      <feedbackvariables>
        <text></text>
      </feedbackvariables>
      <node>
        <name>0</name>
        <answertest>Diff</answertest>
        <sans>ans1</sans>
        <tans>diff(diff(p,v),v)</tans>
        <testoptions>v</testoptions>
        <quiet>0</quiet>
        <truescoremode>=</truescoremode>
        <truescore>1.0000000</truescore>
        <truepenalty></truepenalty>
        <truenextnode>-1</truenextnode>
        <trueanswernote>Result-0-T </trueanswernote>
        <truefeedback format="html">
          <text></text>
        </truefeedback>
        <falsescoremode>=</falsescoremode>
        <falsescore>0.0000000</falsescore>
        <falsepenalty></falsepenalty>
        <falsenextnode>1</falsenextnode>
        <falseanswernote>Result-0-F </falseanswernote>
        <falsefeedback format="html">
          <text></text>
        </falsefeedback>
      </node>
      <node>
        <name>1</name>
        <answertest>AlgEquiv</answertest>
        <sans>ans1</sans>
        <tans>diff(diff(pp1,v),v)+diff(diff(pp2,v),v)</tans>
        <testoptions></testoptions>
        <quiet>0</quiet>
        <truescoremode>=</truescoremode>
        <truescore>0.0000000</truescore>
        <truepenalty></truepenalty>
        <truenextnode>-1</truenextnode>
        <trueanswernote>Result-1-T </trueanswernote>
        <truefeedback format="html">
          <text>You appear to have added the second derivatives rather than finding the difference.</text>
        </truefeedback>
        <falsescoremode>=</falsescoremode>
        <falsescore>0.0000000</falsescore>
        <falsepenalty></falsepenalty>
        <falsenextnode>2</falsenextnode>
        <falseanswernote>Result-1-F </falseanswernote>
        <falsefeedback format="html">
          <text></text>
        </falsefeedback>
      </node>
      <node>
        <name>2</name>
        <answertest>AlgEquiv</answertest>
        <sans>ans1</sans>
        <tans>diff(diff(p,v),v)/rdm^2</tans>
        <testoptions></testoptions>
        <quiet>0</quiet>
        <truescoremode>=</truescoremode>
        <truescore>0.0000000</truescore>
        <truepenalty></truepenalty>
        <truenextnode>-1</truenextnode>
        <trueanswernote>Result-2-T </trueanswernote>
        <truefeedback format="html">
          <text>The derivative of $e^{mx}$ is $me^{mx}$. You appear to have mislaid a factor of @m^2@ so have you forgotten the $m=@rdm@$</text>
        </truefeedback>
        <falsescoremode>=</falsescoremode>
        <falsescore>0.0000000</falsescore>
        <falsepenalty></falsepenalty>
        <falsenextnode>3</falsenextnode>
        <falseanswernote>Result-2-F </falseanswernote>
        <falsefeedback format="html">
          <text></text>
        </falsefeedback>
      </node>
      <node>
        <name>3</name>
        <answertest>AlgEquiv</answertest>
        <sans>ans1</sans>
        <tans>diff(diff(p,v),v)/rdm</tans>
        <testoptions></testoptions>
        <quiet>0</quiet>
        <truescoremode>=</truescoremode>
        <truescore>0.0000000</truescore>
        <truepenalty></truepenalty>
        <truenextnode>-1</truenextnode>
        <trueanswernote>Result-3-T </trueanswernote>
        <truefeedback format="html">
          <text>Each time you differentiate $e^{mx}$ a multiplicative factor of $m$ appears.
 
 If $f(x) = e^{mx}$ then \[\frac{df}{dx}=me^{mx},\] \[\frac{d^2f}{dx^2} = m^2e^{mx}\] and so on.
 
 It appears that at some stage you forgot a multiplicative factor.</text>
        </truefeedback>
        <falsescoremode>=</falsescoremode>
        <falsescore>0.0000000</falsescore>
        <falsepenalty></falsepenalty>
        <falsenextnode>4</falsenextnode>
        <falseanswernote>Result-3-F </falseanswernote>
        <falsefeedback format="html">
          <text></text>
        </falsefeedback>
      </node>
      <node>
        <name>4</name>
        <answertest>AlgEquiv</answertest>
        <sans>ans1</sans>
        <tans>diff(p,v)</tans>
        <testoptions></testoptions>
        <quiet>0</quiet>
        <truescoremode>=</truescoremode>
        <truescore>0.0000000</truescore>
        <truepenalty></truepenalty>
        <truenextnode>-1</truenextnode>
        <trueanswernote>Result-4-T </trueanswernote>
        <truefeedback format="html">
          <text>You appear to have differentiated only once. Differentiate again to find the second derivative.</text>
        </truefeedback>
        <falsescoremode>=</falsescoremode>
        <falsescore>0.0000000</falsescore>
        <falsepenalty></falsepenalty>
        <falsenextnode>-1</falsenextnode>
        <falseanswernote>Result-4-F </falseanswernote>
        <falsefeedback format="html">
          <text></text>
        </falsefeedback>
      </node>
    </prt>
    <deployedseed>47256442</deployedseed>
    <deployedseed>183524271</deployedseed>
    <deployedseed>1058319898</deployedseed>
    <qtest>
      <testcase>1</testcase>
      <testinput>
        <name>ans1</name>
        <value>diff(diff(p,v),v)</value>
      </testinput>
      <expected>
        <name>Result</name>
        <expectedscore>1.0000000</expectedscore>
        <expectedpenalty>0.0000000</expectedpenalty>
        <expectedanswernote>Result-0-T</expectedanswernote>
      </expected>
    </qtest>
    <qtest>
      <testcase>2</testcase>
      <testinput>
        <name>ans1</name>
        <value>diff(diff(pp1,v),v)+diff(diff(pp2,v),v)</value>
      </testinput>
      <expected>
        <name>Result</name>
        <expectedscore>0.0000000</expectedscore>
        <expectedpenalty>0.1000000</expectedpenalty>
        <expectedanswernote>Result-1-T</expectedanswernote>
      </expected>
    </qtest>
    <qtest>
      <testcase>3</testcase>
      <testinput>
        <name>ans1</name>
        <value>diff(diff(p,v),v)/rdm^2</value>
      </testinput>
      <expected>
        <name>Result</name>
        <expectedscore>0.0000000</expectedscore>
        <expectedpenalty>0.1000000</expectedpenalty>
        <expectedanswernote>Result-2-T</expectedanswernote>
      </expected>
    </qtest>
    <qtest>
      <testcase>4</testcase>
      <testinput>
        <name>ans1</name>
        <value>diff(diff(p,v),v)/rdm</value>
      </testinput>
      <expected>
        <name>Result</name>
        <expectedscore>0.0000000</expectedscore>
        <expectedpenalty>0.1000000</expectedpenalty>
        <expectedanswernote>Result-3-T</expectedanswernote>
      </expected>
    </qtest>
    <qtest>
      <testcase>5</testcase>
      <testinput>
        <name>ans1</name>
        <value>diff(p,v)</value>
      </testinput>
      <expected>
        <name>Result</name>
        <expectedscore>0.0000000</expectedscore>
        <expectedpenalty>0.1000000</expectedpenalty>
        <expectedanswernote>Result-4-T</expectedanswernote>
      </expected>
    </qtest>
  </question>

<!-- question: 100  -->
  <question type="stack">
    <name>
      <text>CR-Diff-03-higher-1.d</text>
    </name>
    <questiontext format="html">
      <text>Find the following second derivative:
 \[ \frac{d^2}{d@v@^2}(@p@). \]
 
 [[input:ans1]] [[validation:ans1]]</text>
    </questiontext>
    <generalfeedback format="html">
      <text><![CDATA[The second derivative of a function $f(x)$ with respect to $x$ is
 \[\frac{d^2f}{dx^2}=\frac{d}{dx}\left(\frac{df}{dx}\right)\]
 
 So, if $f(@v@)=@p@$ then its second derivative is
 
 \[\begin{array}{rcl}\displaystyle
   \frac{d^2}{d@v@^2}(@p@) &\displaystyle =&\displaystyle  \frac{d}{d@v@}\left[\frac{d}{d@v@}(@p@)\right] \\
    &\displaystyle =&\displaystyle  \frac{d}{d@v@}(@diff(p,v)@) \\
    &\displaystyle =&\displaystyle  @diff(p,v,2)@
  \end{array}\]]]></text>
    </generalfeedback>
    <defaultgrade>1.0000000</defaultgrade>
    <penalty>0.1000000</penalty>
    <hidden>0</hidden>
    <questionvariables>
      <text>v:y;
 rdm1:2+rand(10);
 rdm2:1+rand(20);
 p:rdm2-rdm1*v;</text>
    </questionvariables>
    <specificfeedback format="html">
      <text><![CDATA[<p>[[feedback:Result]]</p>]]></text>
    </specificfeedback>
    <questionnote>
      <text>\[\frac{d^2}{d@v@^2}(@p@) = @diff(p,v,2)@ \]</text>
    </questionnote>
    <questionsimplify>1</questionsimplify>
    <assumepositive>0</assumepositive>
    <prtcorrect format="html">
      <text><![CDATA[<span class='correct'>Correct answer, well done.</span>]]></text>
    </prtcorrect>
    <prtpartiallycorrect format="html">
      <text><![CDATA[<span class='partially'>Your answer is partially correct.</span>]]></text>
    </prtpartiallycorrect>
    <prtincorrect format="html">
      <text><![CDATA[<span class='incorrect'>Incorrect answer.</span>]]></text>
    </prtincorrect>
    <multiplicationsign>dot</multiplicationsign>
    <sqrtsign>1</sqrtsign>
    <complexno>i</complexno>
    <variantsselectionseed></variantsselectionseed>
    <input>
      <name>ans1</name>
      <type>algebraic</type>
      <tans>diff(diff(p,v),v)</tans>
      <boxsize>15</boxsize>
      <strictsyntax>1</strictsyntax>
      <insertstars>0</insertstars>
      <syntaxhint></syntaxhint>
      <forbidwords>diff</forbidwords>
      <forbidfloat>1</forbidfloat>
      <requirelowestterms>1</requirelowestterms>
      <checkanswertype>1</checkanswertype>
      <mustverify>1</mustverify>
      <showvalidation>1</showvalidation>
    </input>
    <prt>
      <name>Result</name>
      <value>1.0000000</value>
      <autosimplify>1</autosimplify>
      <feedbackvariables>
        <text></text>
      </feedbackvariables>
      <node>
        <name>0</name>
        <answertest>Diff</answertest>
        <sans>ans1</sans>
        <tans>diff(diff(p,v),v)</tans>
        <testoptions>v</testoptions>
        <quiet>0</quiet>
        <truescoremode>=</truescoremode>
        <truescore>1.0000000</truescore>
        <truepenalty></truepenalty>
        <truenextnode>-1</truenextnode>
        <trueanswernote>Result-0-T </trueanswernote>
        <truefeedback format="html">
          <text></text>
        </truefeedback>
        <falsescoremode>=</falsescoremode>
        <falsescore>0.0000000</falsescore>
        <falsepenalty></falsepenalty>
        <falsenextnode>1</falsenextnode>
        <falseanswernote>Result-0-F </falseanswernote>
        <falsefeedback format="html">
          <text></text>
        </falsefeedback>
      </node>
      <node>
        <name>1</name>
        <answertest>AlgEquiv</answertest>
        <sans>ans1</sans>
        <tans>diff(p,v)</tans>
        <testoptions></testoptions>
        <quiet>0</quiet>
        <truescoremode>=</truescoremode>
        <truescore>0.0000000</truescore>
        <truepenalty></truepenalty>
        <truenextnode>-1</truenextnode>
        <trueanswernote>Result-1-T </trueanswernote>
        <truefeedback format="html">
          <text>You appear to have differentiated only once. Differentiate again to find the second derivative.</text>
        </truefeedback>
        <falsescoremode>=</falsescoremode>
        <falsescore>0.0000000</falsescore>
        <falsepenalty></falsepenalty>
        <falsenextnode>-1</falsenextnode>
        <falseanswernote>Result-1-F </falseanswernote>
        <falsefeedback format="html">
          <text></text>
        </falsefeedback>
      </node>
    </prt>
    <deployedseed>2054340758</deployedseed>
    <deployedseed>21076830</deployedseed>
    <deployedseed>902197749</deployedseed>
    <deployedseed>228038928</deployedseed>
    <deployedseed>837990110</deployedseed>
    <deployedseed>1569458188</deployedseed>
    <deployedseed>2077776052</deployedseed>
    <qtest>
      <testcase>1</testcase>
      <testinput>
        <name>ans1</name>
        <value>diff(diff(p,v),v)</value>
      </testinput>
      <expected>
        <name>Result</name>
        <expectedscore>1.0000000</expectedscore>
        <expectedpenalty>0.0000000</expectedpenalty>
        <expectedanswernote>Result-0-T</expectedanswernote>
      </expected>
    </qtest>
    <qtest>
      <testcase>2</testcase>
      <testinput>
        <name>ans1</name>
        <value>diff(p,v)</value>
      </testinput>
      <expected>
        <name>Result</name>
        <expectedscore>0.0000000</expectedscore>
        <expectedpenalty>0.1000000</expectedpenalty>
        <expectedanswernote>Result-1-T</expectedanswernote>
      </expected>
    </qtest>
  </question>

<!-- question: 101  -->
  <question type="stack">
    <name>
      <text>CR-Diff-03-higher-1.e</text>
    </name>
    <questiontext format="html">
      <text>Find the following second derivative:
 \[ \frac{d^2}{d@v@^2}\left[@p@\right]. \]
 
 [[input:ans1]] [[validation:ans1]]</text>
    </questiontext>
    <generalfeedback format="html">
      <text><![CDATA[The second derivative of a function $f(x)$ with respect to $x$ is
 \[\frac{d^2f}{dx^2}=\frac{d}{dx}\left(\frac{df}{dx}\right)\]
 
 So, if $f(@v@)=@p@$ then its second derivative is
 
 \[\begin{array}{rcl}\displaystyle
   \frac{d^2}{d@v@^2}\left[(@p@\right] &\displaystyle =&\displaystyle  \frac{d}{d@v@}\left[\frac{d}{d@v@}\left(@p@\right)\right] \\
    &\displaystyle =&\displaystyle  \frac{d}{d@v@}\left[@diff(p,v)@\right] \\
    &\displaystyle =&\displaystyle  @diff(p,v,2)@
  \end{array}\]]]></text>
    </generalfeedback>
    <defaultgrade>1.0000000</defaultgrade>
    <penalty>0.1000000</penalty>
    <hidden>0</hidden>
    <questionvariables>
      <text>v:x;
 rdm:-(2+rand(4));
 pp1:1/v;
 pp2:rdm*v;
 pp3:-3*v^(rdm);
 p:pp1+pp2+pp3;</text>
    </questionvariables>
    <specificfeedback format="html">
      <text><![CDATA[<p>[[feedback:Result]]</p>]]></text>
    </specificfeedback>
    <questionnote>
      <text>\[\frac{d^2}{d@v@^2}(@p@) = @diff(p,v,2)@ \]</text>
    </questionnote>
    <questionsimplify>1</questionsimplify>
    <assumepositive>0</assumepositive>
    <prtcorrect format="html">
      <text><![CDATA[<span class='correct'>Correct answer, well done.</span>]]></text>
    </prtcorrect>
    <prtpartiallycorrect format="html">
      <text><![CDATA[<span class='partially'>Your answer is partially correct.</span>]]></text>
    </prtpartiallycorrect>
    <prtincorrect format="html">
      <text><![CDATA[<span class='incorrect'>Incorrect answer.</span>]]></text>
    </prtincorrect>
    <multiplicationsign>dot</multiplicationsign>
    <sqrtsign>1</sqrtsign>
    <complexno>i</complexno>
    <variantsselectionseed></variantsselectionseed>
    <input>
      <name>ans1</name>
      <type>algebraic</type>
      <tans>diff(diff(p,v),v)</tans>
      <boxsize>15</boxsize>
      <strictsyntax>1</strictsyntax>
      <insertstars>0</insertstars>
      <syntaxhint></syntaxhint>
      <forbidwords>diff</forbidwords>
      <forbidfloat>1</forbidfloat>
      <requirelowestterms>1</requirelowestterms>
      <checkanswertype>1</checkanswertype>
      <mustverify>1</mustverify>
      <showvalidation>1</showvalidation>
    </input>
    <prt>
      <name>Result</name>
      <value>1.0000000</value>
      <autosimplify>1</autosimplify>
      <feedbackvariables>
        <text></text>
      </feedbackvariables>
      <node>
        <name>0</name>
        <answertest>Diff</answertest>
        <sans>ans1</sans>
        <tans>diff(diff(p,v),v)</tans>
        <testoptions>v</testoptions>
        <quiet>0</quiet>
        <truescoremode>=</truescoremode>
        <truescore>1.0000000</truescore>
        <truepenalty></truepenalty>
        <truenextnode>-1</truenextnode>
        <trueanswernote>Result-0-T </trueanswernote>
        <truefeedback format="html">
          <text></text>
        </truefeedback>
        <falsescoremode>=</falsescoremode>
        <falsescore>0.0000000</falsescore>
        <falsepenalty></falsepenalty>
        <falsenextnode>1</falsenextnode>
        <falseanswernote>Result-0-F </falseanswernote>
        <falsefeedback format="html">
          <text></text>
        </falsefeedback>
      </node>
      <node>
        <name>1</name>
        <answertest>AlgEquiv</answertest>
        <sans>ans1</sans>
        <tans>diff(diff(pp1,v),v)+diff(diff(pp2,v),v)-diff(diff(pp3,v),v)</tans>
        <testoptions></testoptions>
        <quiet>0</quiet>
        <truescoremode>=</truescoremode>
        <truescore>0.0000000</truescore>
        <truepenalty></truepenalty>
        <truenextnode>-1</truenextnode>
        <trueanswernote>Result-1-T </trueanswernote>
        <truefeedback format="html">
          <text>You appear to have added the second derivative of the third term rather than substracting it. \[\frac{d^2}{dx^2}[f+g-h] =\frac{d^2f}{dx^2}+\frac{d^2g}{dx^2}-\frac{d^2h}{dx^2} \]</text>
        </truefeedback>
        <falsescoremode>=</falsescoremode>
        <falsescore>0.0000000</falsescore>
        <falsepenalty></falsepenalty>
        <falsenextnode>2</falsenextnode>
        <falseanswernote>Result-1-F </falseanswernote>
        <falsefeedback format="html">
          <text></text>
        </falsefeedback>
      </node>
      <node>
        <name>2</name>
        <answertest>AlgEquiv</answertest>
        <sans>ans1</sans>
        <tans>diff(p,v)</tans>
        <testoptions></testoptions>
        <quiet>0</quiet>
        <truescoremode>=</truescoremode>
        <truescore>0.0000000</truescore>
        <truepenalty></truepenalty>
        <truenextnode>-1</truenextnode>
        <trueanswernote>Result-2-T </trueanswernote>
        <truefeedback format="html">
          <text>You appear to have differentiated only once. Differentiate again to find the second derivative.</text>
        </truefeedback>
        <falsescoremode>=</falsescoremode>
        <falsescore>0.0000000</falsescore>
        <falsepenalty></falsepenalty>
        <falsenextnode>-1</falsenextnode>
        <falseanswernote>Result-2-F </falseanswernote>
        <falsefeedback format="html">
          <text></text>
        </falsefeedback>
      </node>
    </prt>
    <deployedseed>343721200</deployedseed>
    <deployedseed>513780204</deployedseed>
    <deployedseed>972358839</deployedseed>
    <deployedseed>1829289869</deployedseed>
    <qtest>
      <testcase>1</testcase>
      <testinput>
        <name>ans1</name>
        <value>diff(diff(p,v),v)</value>
      </testinput>
      <expected>
        <name>Result</name>
        <expectedscore>1.0000000</expectedscore>
        <expectedpenalty>0.0000000</expectedpenalty>
        <expectedanswernote>Result-0-T</expectedanswernote>
      </expected>
    </qtest>
    <qtest>
      <testcase>2</testcase>
      <testinput>
        <name>ans1</name>
        <value>diff(diff(pp1,v),v)+diff(diff(pp2,v),v)-diff(diff(pp3,v),v)</value>
      </testinput>
      <expected>
        <name>Result</name>
        <expectedscore>0.0000000</expectedscore>
        <expectedpenalty>0.1000000</expectedpenalty>
        <expectedanswernote>Result-1-T</expectedanswernote>
      </expected>
    </qtest>
    <qtest>
      <testcase>3</testcase>
      <testinput>
        <name>ans1</name>
        <value>diff(p,v)</value>
      </testinput>
      <expected>
        <name>Result</name>
        <expectedscore>0.0000000</expectedscore>
        <expectedpenalty>0.1000000</expectedpenalty>
        <expectedanswernote>Result-2-T</expectedanswernote>
      </expected>
    </qtest>
  </question>

<!-- question: 102  -->
  <question type="stack">
    <name>
      <text>CR-Diff-03-higher-1.f</text>
    </name>
    <questiontext format="html">
      <text>Find the following second derivative:
 \[ \frac{d^2}{d@v@^2}(@p@). \]
 
 [[input:ans1]] [[validation:ans1]]</text>
    </questiontext>
    <generalfeedback format="html">
      <text><![CDATA[The second derivative of a function $f(x)$ with respect to $x$ is
 \[\frac{d^2f}{dx^2}=\frac{d}{dx}\left(\frac{df}{dx}\right)\]
 
 So, if $f(@v@)=@p@$ then its second derivative is
 
 \[\begin{array}{rcl}\displaystyle
   \frac{d^2}{d@v@^2}(@p@) &\displaystyle =&\displaystyle  \frac{d}{d@v@}\left[\frac{d}{d@v@}(@p@)\right] \\
    &\displaystyle =&\displaystyle  \frac{d}{d@v@}\left(@diff(p,v)@\right) \\
    &\displaystyle =&\displaystyle  @diff(p,v,2)@
  \end{array}\]]]></text>
    </generalfeedback>
    <defaultgrade>1.0000000</defaultgrade>
    <penalty>0.1000000</penalty>
    <hidden>0</hidden>
    <questionvariables>
      <text>v:t;
 rdm1:2+rand(4);
 rdm2:2+rand(4);
 pp1:log(rdm1*v);
 pp2:rdm2*v^(1/2);
 p:pp1-pp2;</text>
    </questionvariables>
    <specificfeedback format="html">
      <text><![CDATA[<p>[[feedback:Result]]</p>]]></text>
    </specificfeedback>
    <questionnote>
      <text>\[\frac{d^2}{d@v@^2}(@p@) = @diff(p,v,2)@ \]</text>
    </questionnote>
    <questionsimplify>1</questionsimplify>
    <assumepositive>0</assumepositive>
    <prtcorrect format="html">
      <text><![CDATA[<span class='correct'>Correct answer, well done.</span>]]></text>
    </prtcorrect>
    <prtpartiallycorrect format="html">
      <text><![CDATA[<span class='partially'>Your answer is partially correct.</span>]]></text>
    </prtpartiallycorrect>
    <prtincorrect format="html">
      <text><![CDATA[<span class='incorrect'>Incorrect answer.</span>]]></text>
    </prtincorrect>
    <multiplicationsign>dot</multiplicationsign>
    <sqrtsign>1</sqrtsign>
    <complexno>i</complexno>
    <variantsselectionseed></variantsselectionseed>
    <input>
      <name>ans1</name>
      <type>algebraic</type>
      <tans>diff(diff(p,v),v)</tans>
      <boxsize>15</boxsize>
      <strictsyntax>1</strictsyntax>
      <insertstars>0</insertstars>
      <syntaxhint></syntaxhint>
      <forbidwords>diff</forbidwords>
      <forbidfloat>1</forbidfloat>
      <requirelowestterms>1</requirelowestterms>
      <checkanswertype>1</checkanswertype>
      <mustverify>1</mustverify>
      <showvalidation>1</showvalidation>
    </input>
    <prt>
      <name>Result</name>
      <value>1.0000000</value>
      <autosimplify>1</autosimplify>
      <feedbackvariables>
        <text></text>
      </feedbackvariables>
      <node>
        <name>0</name>
        <answertest>Diff</answertest>
        <sans>ans1</sans>
        <tans>diff(diff(p,v),v)</tans>
        <testoptions>v</testoptions>
        <quiet>0</quiet>
        <truescoremode>=</truescoremode>
        <truescore>1.0000000</truescore>
        <truepenalty></truepenalty>
        <truenextnode>-1</truenextnode>
        <trueanswernote>Result-0-T </trueanswernote>
        <truefeedback format="html">
          <text></text>
        </truefeedback>
        <falsescoremode>=</falsescoremode>
        <falsescore>0.0000000</falsescore>
        <falsepenalty></falsepenalty>
        <falsenextnode>1</falsenextnode>
        <falseanswernote>Result-0-F </falseanswernote>
        <falsefeedback format="html">
          <text></text>
        </falsefeedback>
      </node>
      <node>
        <name>1</name>
        <answertest>AlgEquiv</answertest>
        <sans>ans1</sans>
        <tans>diff(p,v)</tans>
        <testoptions></testoptions>
        <quiet>0</quiet>
        <truescoremode>=</truescoremode>
        <truescore>0.0000000</truescore>
        <truepenalty></truepenalty>
        <truenextnode>-1</truenextnode>
        <trueanswernote>Result-1-T </trueanswernote>
        <truefeedback format="html">
          <text>You appear to have differentiated only once. Differentiate again to find the second derivative.</text>
        </truefeedback>
        <falsescoremode>=</falsescoremode>
        <falsescore>0.0000000</falsescore>
        <falsepenalty></falsepenalty>
        <falsenextnode>-1</falsenextnode>
        <falseanswernote>Result-1-F </falseanswernote>
        <falsefeedback format="html">
          <text></text>
        </falsefeedback>
      </node>
    </prt>
    <deployedseed>1464275312</deployedseed>
    <deployedseed>1188141115</deployedseed>
    <deployedseed>895895953</deployedseed>
    <deployedseed>282730415</deployedseed>
    <deployedseed>690851363</deployedseed>
    <qtest>
      <testcase>1</testcase>
      <testinput>
        <name>ans1</name>
        <value>diff(diff(p,v),v)</value>
      </testinput>
      <expected>
        <name>Result</name>
        <expectedscore>1.0000000</expectedscore>
        <expectedpenalty>0.0000000</expectedpenalty>
        <expectedanswernote>Result-0-T</expectedanswernote>
      </expected>
    </qtest>
    <qtest>
      <testcase>2</testcase>
      <testinput>
        <name>ans1</name>
        <value>diff(p,v)</value>
      </testinput>
      <expected>
        <name>Result</name>
        <expectedscore>0.0000000</expectedscore>
        <expectedpenalty>0.1000000</expectedpenalty>
        <expectedanswernote>Result-1-T</expectedanswernote>
      </expected>
    </qtest>
  </question>

<!-- question: 103  -->
  <question type="stack">
    <name>
      <text>CR-Diff-03-higher-1.i</text>
    </name>
    <questiontext format="html">
      <text>Find the following second derivative:
 \[ \frac{d^2}{d@v@^2}\left(@p@\right). \]
 
 [[input:ans1]] [[validation:ans1]]</text>
    </questiontext>
    <generalfeedback format="html">
      <text><![CDATA[The second derivative of a function $f(x)$ with respect to $x$ is
 \[\frac{d^2f}{dx^2}=\frac{d}{dx}\left(\frac{df}{dx}\right)\]
 
 So, if $f(@v@)=@p@$ then its second derivative is
 
 \[\begin{array}{rcl}\displaystyle
   \frac{d^2}{d@v@^2}\left(@p@\right) &\displaystyle =&\displaystyle  \frac{d}{d@v@}\left[\frac{d}{d@v@}(@p@)\right] \\
    &\displaystyle =&\displaystyle  \frac{d}{d@v@}\left(@diff(p,v)@\right) \\
    &\displaystyle =&\displaystyle  @diff(p,v,2)@
  \end{array}\]]]></text>
    </generalfeedback>
    <defaultgrade>1.0000000</defaultgrade>
    <penalty>0.1000000</penalty>
    <hidden>0</hidden>
    <questionvariables>
      <text>v:t;
 rdm1:2+rand(4);
 rdm2:2+rand(4);
 ppp1:sin(rdm1*v);
 ppp2:log(rdm2*v);
 pp1:ppp1/rdm1;
 pp2:ppp2/rdm2;
 p:pp1-pp2;</text>
    </questionvariables>
    <specificfeedback format="html">
      <text><![CDATA[<p>[[feedback:Result]]</p>]]></text>
    </specificfeedback>
    <questionnote>
      <text>\[\frac{d^2}{d@v@^2}(@p@) = @diff(p,v,2)@ \]</text>
    </questionnote>
    <questionsimplify>1</questionsimplify>
    <assumepositive>0</assumepositive>
    <prtcorrect format="html">
      <text><![CDATA[<span class='correct'>Correct answer, well done.</span>]]></text>
    </prtcorrect>
    <prtpartiallycorrect format="html">
      <text><![CDATA[<span class='partially'>Your answer is partially correct.</span>]]></text>
    </prtpartiallycorrect>
    <prtincorrect format="html">
      <text><![CDATA[<span class='incorrect'>Incorrect answer.</span>]]></text>
    </prtincorrect>
    <multiplicationsign>dot</multiplicationsign>
    <sqrtsign>1</sqrtsign>
    <complexno>i</complexno>
    <variantsselectionseed></variantsselectionseed>
    <input>
      <name>ans1</name>
      <type>algebraic</type>
      <tans>diff(diff(p,v),v)</tans>
      <boxsize>15</boxsize>
      <strictsyntax>1</strictsyntax>
      <insertstars>0</insertstars>
      <syntaxhint></syntaxhint>
      <forbidwords>diff</forbidwords>
      <forbidfloat>1</forbidfloat>
      <requirelowestterms>1</requirelowestterms>
      <checkanswertype>1</checkanswertype>
      <mustverify>1</mustverify>
      <showvalidation>1</showvalidation>
    </input>
    <prt>
      <name>Result</name>
      <value>1.0000000</value>
      <autosimplify>1</autosimplify>
      <feedbackvariables>
        <text></text>
      </feedbackvariables>
      <node>
        <name>0</name>
        <answertest>Diff</answertest>
        <sans>ans1</sans>
        <tans>diff(diff(p,v),v)</tans>
        <testoptions>v</testoptions>
        <quiet>0</quiet>
        <truescoremode>=</truescoremode>
        <truescore>1.0000000</truescore>
        <truepenalty></truepenalty>
        <truenextnode>-1</truenextnode>
        <trueanswernote>Result-0-T </trueanswernote>
        <truefeedback format="html">
          <text></text>
        </truefeedback>
        <falsescoremode>=</falsescoremode>
        <falsescore>0.0000000</falsescore>
        <falsepenalty></falsepenalty>
        <falsenextnode>1</falsenextnode>
        <falseanswernote>Result-0-F </falseanswernote>
        <falsefeedback format="html">
          <text></text>
        </falsefeedback>
      </node>
      <node>
        <name>1</name>
        <answertest>AlgEquiv</answertest>
        <sans>ans1</sans>
        <tans>diff(p,v)</tans>
        <testoptions></testoptions>
        <quiet>0</quiet>
        <truescoremode>=</truescoremode>
        <truescore>0.0000000</truescore>
        <truepenalty></truepenalty>
        <truenextnode>-1</truenextnode>
        <trueanswernote>Result-1-T </trueanswernote>
        <truefeedback format="html">
          <text>You appear to have differentiated only once. Differentiate again to find the second derivative.</text>
        </truefeedback>
        <falsescoremode>=</falsescoremode>
        <falsescore>0.0000000</falsescore>
        <falsepenalty></falsepenalty>
        <falsenextnode>-1</falsenextnode>
        <falseanswernote>Result-1-F </falseanswernote>
        <falsefeedback format="html">
          <text></text>
        </falsefeedback>
      </node>
    </prt>
    <deployedseed>517304387</deployedseed>
    <deployedseed>1463659999</deployedseed>
    <deployedseed>2056968122</deployedseed>
    <deployedseed>389427203</deployedseed>
    <deployedseed>432402245</deployedseed>
    <qtest>
      <testcase>1</testcase>
      <testinput>
        <name>ans1</name>
        <value>diff(diff(p,v),v)</value>
      </testinput>
      <expected>
        <name>Result</name>
        <expectedscore>1.0000000</expectedscore>
        <expectedpenalty>0.0000000</expectedpenalty>
        <expectedanswernote>Result-0-T</expectedanswernote>
      </expected>
    </qtest>
    <qtest>
      <testcase>2</testcase>
      <testinput>
        <name>ans1</name>
        <value>diff(p,v)</value>
      </testinput>
      <expected>
        <name>Result</name>
        <expectedscore>0.0000000</expectedscore>
        <expectedpenalty>0.1000000</expectedpenalty>
        <expectedanswernote>Result-1-T</expectedanswernote>
      </expected>
    </qtest>
  </question>

<!-- question: 104  -->
  <question type="stack">
    <name>
      <text>CR-Diff-03-higher-1.j</text>
    </name>
    <questiontext format="html">
      <text><![CDATA[<p>Find the following second derivative: \[ \frac{d^2}{d@v@^2}\left(@p@\right). \] [[input:ans1]] [[validation:ans1]]</p>]]></text>
    </questiontext>
    <generalfeedback format="html">
      <text><![CDATA[<p>The second derivative of a function $f(x)$ with respect to $x$ is \[\frac{d^2f}{dx^2}=\frac{d}{dx}\left(\frac{df}{dx}\right)\] So, if $f(@v@)=@p@$ then its second derivative is \[\begin{array}{rcl}\displaystyle \frac{d^2}{d@v@^2}\left(@p@\right) &amp;\displaystyle =&amp;\displaystyle \frac{d}{d@v@}\left[\frac{d}{d@v@}(@p@)\right] \\ &amp;\displaystyle =&amp;\displaystyle \frac{d}{d@v@}\left(@diff(p,v)@\right) \\ &amp;\displaystyle =&amp;\displaystyle @diff(p,v,2)@ \end{array}\]</p>]]></text>
    </generalfeedback>
    <defaultgrade>1.0000000</defaultgrade>
    <penalty>0.1000000</penalty>
    <hidden>0</hidden>
    <questionvariables>
      <text>v:t;
rdm1:2+rand(4);
rdm2:2+rand(4);
ppp1:cos(rdm1*v);
ppp2:exp(rdm2*v);
 pp1:ppp1/rdm1;
 pp2:ppp2/rdm2;
 p:pp1-pp2;</text>
    </questionvariables>
    <specificfeedback format="html">
      <text><![CDATA[<p>[[feedback:Result]]</p>]]></text>
    </specificfeedback>
    <questionnote>
      <text>\[\frac{d^2}{d@v@^2}(@p@) = @diff(p,v,2)@ \]</text>
    </questionnote>
    <questionsimplify>1</questionsimplify>
    <assumepositive>0</assumepositive>
    <prtcorrect format="html">
      <text><![CDATA[<p><span class="correct">Correct answer, well done.</span></p>]]></text>
    </prtcorrect>
    <prtpartiallycorrect format="html">
      <text><![CDATA[<p><span class="partially">Your answer is partially correct.</span></p>]]></text>
    </prtpartiallycorrect>
    <prtincorrect format="html">
      <text><![CDATA[<p><span class="incorrect">Incorrect answer.</span></p>]]></text>
    </prtincorrect>
    <multiplicationsign>dot</multiplicationsign>
    <sqrtsign>1</sqrtsign>
    <complexno>i</complexno>
    <variantsselectionseed></variantsselectionseed>
    <input>
      <name>ans1</name>
      <type>algebraic</type>
      <tans>diff(diff(p,v),v)</tans>
      <boxsize>15</boxsize>
      <strictsyntax>1</strictsyntax>
      <insertstars>0</insertstars>
      <syntaxhint></syntaxhint>
      <forbidwords>diff</forbidwords>
      <forbidfloat>1</forbidfloat>
      <requirelowestterms>1</requirelowestterms>
      <checkanswertype>1</checkanswertype>
      <mustverify>1</mustverify>
      <showvalidation>1</showvalidation>
    </input>
    <prt>
      <name>Result</name>
      <value>1.0000000</value>
      <autosimplify>1</autosimplify>
      <feedbackvariables>
        <text></text>
      </feedbackvariables>
      <node>
        <name>0</name>
        <answertest>AlgEquiv</answertest>
        <sans>ans1</sans>
        <tans>diff(diff(p,v),v)</tans>
        <testoptions></testoptions>
        <quiet>0</quiet>
        <truescoremode>=</truescoremode>
        <truescore>1.0000000</truescore>
        <truepenalty></truepenalty>
        <truenextnode>-1</truenextnode>
        <trueanswernote>Result-0-T </trueanswernote>
        <truefeedback format="html">
          <text></text>
        </truefeedback>
        <falsescoremode>=</falsescoremode>
        <falsescore>0.0000000</falsescore>
        <falsepenalty></falsepenalty>
        <falsenextnode>1</falsenextnode>
        <falseanswernote>Result-0-F </falseanswernote>
        <falsefeedback format="html">
          <text></text>
        </falsefeedback>
      </node>
      <node>
        <name>1</name>
        <answertest>AlgEquiv</answertest>
        <sans>ans1</sans>
        <tans>diff(p,v)</tans>
        <testoptions></testoptions>
        <quiet>0</quiet>
        <truescoremode>=</truescoremode>
        <truescore>0.0000000</truescore>
        <truepenalty></truepenalty>
        <truenextnode>-1</truenextnode>
        <trueanswernote>Result-1-T </trueanswernote>
        <truefeedback format="html">
          <text><![CDATA[<p>You appear to have differentiated only once. Differentiate again to find the second derivative.</p>]]></text>
        </truefeedback>
        <falsescoremode>=</falsescoremode>
        <falsescore>0.0000000</falsescore>
        <falsepenalty></falsepenalty>
        <falsenextnode>-1</falsenextnode>
        <falseanswernote>Result-1-F </falseanswernote>
        <falsefeedback format="html">
          <text></text>
        </falsefeedback>
      </node>
    </prt>
    <deployedseed>840086635</deployedseed>
    <deployedseed>1043601632</deployedseed>
    <deployedseed>1211431635</deployedseed>
    <deployedseed>2139596244</deployedseed>
    <deployedseed>1261424212</deployedseed>
    <deployedseed>1109797739</deployedseed>
    <deployedseed>116464066</deployedseed>
    <qtest>
      <testcase>1</testcase>
      <testinput>
        <name>ans1</name>
        <value>diff(p,v,2)</value>
      </testinput>
      <expected>
        <name>Result</name>
        <expectedscore>1.0000000</expectedscore>
        <expectedpenalty>0.0000000</expectedpenalty>
        <expectedanswernote>Result-0-T</expectedanswernote>
      </expected>
    </qtest>
    <qtest>
      <testcase>2</testcase>
      <testinput>
        <name>ans1</name>
        <value>diff(p,v)</value>
      </testinput>
      <expected>
        <name>Result</name>
        <expectedscore>0.0000000</expectedscore>
        <expectedpenalty>0.1000000</expectedpenalty>
        <expectedanswernote>Result-1-T</expectedanswernote>
      </expected>
    </qtest>
  </question>

</quiz>