<?xml version="1.0" encoding="UTF-8"?>
<quiz>
<!-- question: 0  -->
  <question type="category">
    <category>
        <text>$course$/CR/CR_Diff_04</text>

    </category>
  </question>

<!-- question: 105  -->
  <question type="stack">
    <name>
      <text>CR-Diff-04-product-1.a</text>
    </name>
    <questiontext format="html">
      <text><![CDATA[<p>Differentiate @p@ with respect to @v@. [[input:ans1]] [[validation:ans1]]</p>]]></text>
    </questiontext>
    <generalfeedback format="html">
      <text><![CDATA[<p>In order to solve this problem we will have to use the product rule calc_product_rule as follows: \[\begin{array}{rcl}\displaystyle \frac{d}{d@v@}[@p@] &amp;\displaystyle =&amp;\displaystyle \left[\frac{d}{d@v@}(@pp1@)\right]\cdot @pp2@ + (@pp1@)\cdot \left[\frac{d}{d@v@}[@pp2@]\right] \\ &amp;\displaystyle =&amp;\displaystyle (@diff(pp1,v)@)\cdot @pp2@ + (@pp1@)\cdot @diff(pp2,v)@ \\ &amp;\displaystyle =&amp;\displaystyle @diff(p,v)@ \end{array}\]</p>]]></text>
    </generalfeedback>
    <defaultgrade>1.0000000</defaultgrade>
    <penalty>0.1000000</penalty>
    <hidden>0</hidden>
    <questionvariables>
      <text>v:x;
pp1:v;
pp2:sin(v);
p:pp1*pp2;</text>
    </questionvariables>
    <specificfeedback format="html">
      <text><![CDATA[<p>[[feedback:Result]]</p>]]></text>
    </specificfeedback>
    <questionnote>
      <text>\[\frac{d}{d@v@}(@p@) = @diff(p,v)@ \]</text>
    </questionnote>
    <questionsimplify>1</questionsimplify>
    <assumepositive>0</assumepositive>
    <prtcorrect format="html">
      <text><![CDATA[<p><span class="correct">Correct answer, well done.</span></p>]]></text>
    </prtcorrect>
    <prtpartiallycorrect format="html">
      <text><![CDATA[<p><span class="partially">Your answer is partially correct.</span></p>]]></text>
    </prtpartiallycorrect>
    <prtincorrect format="html">
      <text><![CDATA[<p><span class="incorrect">Incorrect answer.</span></p>]]></text>
    </prtincorrect>
    <multiplicationsign>dot</multiplicationsign>
    <sqrtsign>1</sqrtsign>
    <complexno>i</complexno>
    <variantsselectionseed></variantsselectionseed>
    <input>
      <name>ans1</name>
      <type>algebraic</type>
      <tans>diff(p,v)</tans>
      <boxsize>15</boxsize>
      <strictsyntax>1</strictsyntax>
      <insertstars>0</insertstars>
      <syntaxhint></syntaxhint>
      <forbidwords></forbidwords>
      <forbidfloat>1</forbidfloat>
      <requirelowestterms>1</requirelowestterms>
      <checkanswertype>1</checkanswertype>
      <mustverify>1</mustverify>
      <showvalidation>1</showvalidation>
    </input>
    <prt>
      <name>Result</name>
      <value>1.0000000</value>
      <autosimplify>1</autosimplify>
      <feedbackvariables>
        <text></text>
      </feedbackvariables>
      <node>
        <name>0</name>
        <answertest>Diff</answertest>
        <sans>ans1</sans>
        <tans>diff(p,v)</tans>
        <testoptions>v</testoptions>
        <quiet>0</quiet>
        <truescoremode>=</truescoremode>
        <truescore>1.0000000</truescore>
        <truepenalty></truepenalty>
        <truenextnode>-1</truenextnode>
        <trueanswernote>Result-0-T </trueanswernote>
        <truefeedback format="html">
          <text></text>
        </truefeedback>
        <falsescoremode>=</falsescoremode>
        <falsescore>0.0000000</falsescore>
        <falsepenalty></falsepenalty>
        <falsenextnode>1</falsenextnode>
        <falseanswernote>Result-0-F </falseanswernote>
        <falsefeedback format="html">
          <text></text>
        </falsefeedback>
      </node>
      <node>
        <name>1</name>
        <answertest>AlgEquiv</answertest>
        <sans>ans1</sans>
        <tans>diff(pp1,v)*diff(pp2,v)</tans>
        <testoptions></testoptions>
        <quiet>0</quiet>
        <truescoremode>=</truescoremode>
        <truescore>0.0000000</truescore>
        <truepenalty></truepenalty>
        <truenextnode>-1</truenextnode>
        <trueanswernote>Result-1-T </trueanswernote>
        <truefeedback format="html">
          <text><![CDATA[<p>To differentiate a product use the rule \[\frac{d}{dx}[fg] = \frac{df}{dx}g+f\frac{dg}{dx}.\] You cannot get the derivative of a product by multiplying the derivatives.</p>]]></text>
        </truefeedback>
        <falsescoremode>=</falsescoremode>
        <falsescore>0.0000000</falsescore>
        <falsepenalty></falsepenalty>
        <falsenextnode>2</falsenextnode>
        <falseanswernote>Result-1-F </falseanswernote>
        <falsefeedback format="html">
          <text></text>
        </falsefeedback>
      </node>
      <node>
        <name>2</name>
        <answertest>AlgEquiv</answertest>
        <sans>ans1</sans>
        <tans>diff(pp1,v)*pp1+pp2*diff(pp2,v)</tans>
        <testoptions></testoptions>
        <quiet>0</quiet>
        <truescoremode>=</truescoremode>
        <truescore>0.0000000</truescore>
        <truepenalty></truepenalty>
        <truenextnode>-1</truenextnode>
        <trueanswernote>Result-2-T </trueanswernote>
        <truefeedback format="html">
          <text><![CDATA[<p>You appear to have applied the product rule incorrectly. It is \[\frac{df}{dx}g+f\frac{dg}{dx},\] not \[f\frac{df}{dx}+g\frac{dg}{dx}.\]</p>]]></text>
        </truefeedback>
        <falsescoremode>=</falsescoremode>
        <falsescore>0.0000000</falsescore>
        <falsepenalty></falsepenalty>
        <falsenextnode>3</falsenextnode>
        <falseanswernote>Result-2-F </falseanswernote>
        <falsefeedback format="html">
          <text></text>
        </falsefeedback>
      </node>
      <node>
        <name>3</name>
        <answertest>AlgEquiv</answertest>
        <sans>ans1</sans>
        <tans>diff(pp1,v)*pp2-pp1*diff(pp2,v)</tans>
        <testoptions></testoptions>
        <quiet>0</quiet>
        <truescoremode>=</truescoremode>
        <truescore>0.0000000</truescore>
        <truepenalty></truepenalty>
        <truenextnode>-1</truenextnode>
        <trueanswernote>Result-3-T </trueanswernote>
        <truefeedback format="html">
          <text><![CDATA[<p>The derivative of $\sin(x)$ is $\cos(x)$; you appear to have gained a minus sign which might suggest you have used $-\cos(x)$ as the derivative of $\sin(x)$.</p>]]></text>
        </truefeedback>
        <falsescoremode>=</falsescoremode>
        <falsescore>0.0000000</falsescore>
        <falsepenalty></falsepenalty>
        <falsenextnode>-1</falsenextnode>
        <falseanswernote>Result-3-F </falseanswernote>
        <falsefeedback format="html">
          <text></text>
        </falsefeedback>
      </node>
    </prt>
    <qtest>
      <testcase>1</testcase>
      <testinput>
        <name>ans1</name>
        <value>diff(p,v)</value>
      </testinput>
      <expected>
        <name>Result</name>
        <expectedscore>1.0000000</expectedscore>
        <expectedpenalty>0.0000000</expectedpenalty>
        <expectedanswernote>Result-0-T</expectedanswernote>
      </expected>
    </qtest>
    <qtest>
      <testcase>2</testcase>
      <testinput>
        <name>ans1</name>
        <value>diff(pp1,v)*diff(pp2,v)</value>
      </testinput>
      <expected>
        <name>Result</name>
        <expectedscore>0.0000000</expectedscore>
        <expectedpenalty>0.1000000</expectedpenalty>
        <expectedanswernote>Result-1-T </expectedanswernote>
      </expected>
    </qtest>
    <qtest>
      <testcase>3</testcase>
      <testinput>
        <name>ans1</name>
        <value>diff(pp1,v)*pp1+pp2*diff(pp2,v)</value>
      </testinput>
      <expected>
        <name>Result</name>
        <expectedscore>0.0000000</expectedscore>
        <expectedpenalty>0.1000000</expectedpenalty>
        <expectedanswernote>Result-2-T </expectedanswernote>
      </expected>
    </qtest>
    <qtest>
      <testcase>4</testcase>
      <testinput>
        <name>ans1</name>
        <value>diff(pp1,v)*pp2-pp1*diff(pp2,v)</value>
      </testinput>
      <expected>
        <name>Result</name>
        <expectedscore>0.0000000</expectedscore>
        <expectedpenalty>0.1000000</expectedpenalty>
        <expectedanswernote>Result-3-T </expectedanswernote>
      </expected>
    </qtest>
    <qtest>
      <testcase>5</testcase>
      <testinput>
        <name>ans1</name>
        <value>ln(2*x)/x</value>
      </testinput>
      <expected>
        <name>Result</name>
        <expectedscore>0.0000000</expectedscore>
        <expectedpenalty>0.1000000</expectedpenalty>
        <expectedanswernote>Result-3-F</expectedanswernote>
      </expected>
    </qtest>
  </question>

<!-- question: 106  -->
  <question type="stack">
    <name>
      <text>CR-Diff-04-product-1.b</text>
    </name>
    <questiontext format="html">
      <text>Differentiate @p@ with respect to @v@.

[[input:ans1]] [[validation:ans1]]
</text>
    </questiontext>
    <generalfeedback format="html">
      <text><![CDATA[In order to solve this problem we will have to use the product rule <hint>calc_product_rule</hint> as follows:

\[\begin{array}{rcl}\displaystyle 
  \frac{d}{d@v@}[@p@] &\displaystyle =&\displaystyle  \left[\frac{d}{d@v@}(@pp1@)\right]\cdot @pp2@ + (@pp1@)\cdot \left[\frac{d}{d@v@}[@pp2@]\right] \\
   &\displaystyle =&\displaystyle  (@diff(pp1,v)@)\cdot @pp2@ + (@pp1@)\cdot @diff(pp2,v)@ \\
   &\displaystyle =&\displaystyle  @diff(p,v)@
 \end{array}\] ]]></text>
    </generalfeedback>
    <defaultgrade>1.0000000</defaultgrade>
    <penalty>0.1000000</penalty>
    <hidden>0</hidden>
    <questionvariables>
      <text>v:x;
rdm1:2+rand(4);
rdm2:2+rand(4);
pp1:v^(rdm1);
pp2:cos(rdm2*v);
p:pp1*pp2;</text>
    </questionvariables>
    <specificfeedback format="html">
      <text><![CDATA[<p>[[feedback:Result]]</p>]]></text>
    </specificfeedback>
    <questionnote>
      <text>\[\frac{d}{d@v@}(@p@) = @diff(p,v)@ \]</text>
    </questionnote>
    <questionsimplify>1</questionsimplify>
    <assumepositive>0</assumepositive>
    <prtcorrect format="html">
      <text><![CDATA[<span class='correct'>Correct answer, well done.</span>]]></text>
    </prtcorrect>
    <prtpartiallycorrect format="html">
      <text><![CDATA[<span class='partially'>Your answer is partially correct.</span>]]></text>
    </prtpartiallycorrect>
    <prtincorrect format="html">
      <text><![CDATA[<span class='incorrect'>Incorrect answer.</span>]]></text>
    </prtincorrect>
    <multiplicationsign>dot</multiplicationsign>
    <sqrtsign>1</sqrtsign>
    <complexno>i</complexno>
    <variantsselectionseed></variantsselectionseed>
    <input>
      <name>ans1</name>
      <type>algebraic</type>
      <tans>diff(p,v)</tans>
      <boxsize>15</boxsize>
      <strictsyntax>1</strictsyntax>
      <insertstars>0</insertstars>
      <syntaxhint></syntaxhint>
      <forbidwords></forbidwords>
      <forbidfloat>1</forbidfloat>
      <requirelowestterms>1</requirelowestterms>
      <checkanswertype>1</checkanswertype>
      <mustverify>1</mustverify>
      <showvalidation>1</showvalidation>
    </input>
    <prt>
      <name>Result</name>
      <value>1.0000000</value>
      <autosimplify>1</autosimplify>
      <feedbackvariables>
        <text></text>
      </feedbackvariables>
      <node>
        <name>0</name>
        <answertest>Diff</answertest>
        <sans>ans1</sans>
        <tans>diff(p,v)</tans>
        <testoptions>v</testoptions>
        <quiet>0</quiet>
        <truescoremode>=</truescoremode>
        <truescore>1.0000000</truescore>
        <truepenalty></truepenalty>
        <truenextnode>-1</truenextnode>
        <trueanswernote>Result-0-T </trueanswernote>
        <truefeedback format="html">
          <text></text>
        </truefeedback>
        <falsescoremode>=</falsescoremode>
        <falsescore>0.0000000</falsescore>
        <falsepenalty></falsepenalty>
        <falsenextnode>1</falsenextnode>
        <falseanswernote>Result-0-F </falseanswernote>
        <falsefeedback format="html">
          <text></text>
        </falsefeedback>
      </node>
      <node>
        <name>1</name>
        <answertest>AlgEquiv</answertest>
        <sans>ans1</sans>
        <tans>diff(pp1,v)*diff(pp2,v)</tans>
        <testoptions></testoptions>
        <quiet>0</quiet>
        <truescoremode>=</truescoremode>
        <truescore>0.0000000</truescore>
        <truepenalty></truepenalty>
        <truenextnode>-1</truenextnode>
        <trueanswernote>Result-1-T </trueanswernote>
        <truefeedback format="html">
          <text>To differentiate a product use the rule \[\frac{d}{dx}[fg] = \frac{df}{dx}g+f\frac{dg}{dx}.\] You cannot get the derivative of a product by multiplying the derivatives.</text>
        </truefeedback>
        <falsescoremode>=</falsescoremode>
        <falsescore>0.0000000</falsescore>
        <falsepenalty></falsepenalty>
        <falsenextnode>2</falsenextnode>
        <falseanswernote>Result-1-F </falseanswernote>
        <falsefeedback format="html">
          <text></text>
        </falsefeedback>
      </node>
      <node>
        <name>2</name>
        <answertest>AlgEquiv</answertest>
        <sans>ans1</sans>
        <tans>diff(pp1,v)*pp1+pp2*diff(pp2,v)</tans>
        <testoptions></testoptions>
        <quiet>0</quiet>
        <truescoremode>=</truescoremode>
        <truescore>0.0000000</truescore>
        <truepenalty></truepenalty>
        <truenextnode>-1</truenextnode>
        <trueanswernote>Result-2-T </trueanswernote>
        <truefeedback format="html">
          <text>You appear to have applied the product rule incorrectly. It is \[\frac{df}{dx}g+f\frac{dg}{dx},\] not \[f\frac{df}{dx}+g\frac{dg}{dx}.\]</text>
        </truefeedback>
        <falsescoremode>=</falsescoremode>
        <falsescore>0.0000000</falsescore>
        <falsepenalty></falsepenalty>
        <falsenextnode>3</falsenextnode>
        <falseanswernote>Result-2-F </falseanswernote>
        <falsefeedback format="html">
          <text></text>
        </falsefeedback>
      </node>
      <node>
        <name>3</name>
        <answertest>AlgEquiv</answertest>
        <sans>ans1</sans>
        <tans>diff(pp1,v)*pp2-pp1*diff(pp2,v)</tans>
        <testoptions></testoptions>
        <quiet>0</quiet>
        <truescoremode>=</truescoremode>
        <truescore>0.0000000</truescore>
        <truepenalty></truepenalty>
        <truenextnode>-1</truenextnode>
        <trueanswernote>Result-3-T </trueanswernote>
        <truefeedback format="html">
          <text>The derivative of $cos(mx)$ is $-msin(mx)$; you appear to have lost a minus sign which might suggest you have used $msin(mx)$ as the derivative of $cos(mx)$.</text>
        </truefeedback>
        <falsescoremode>=</falsescoremode>
        <falsescore>0.0000000</falsescore>
        <falsepenalty></falsepenalty>
        <falsenextnode>-1</falsenextnode>
        <falseanswernote>Result-3-F </falseanswernote>
        <falsefeedback format="html">
          <text></text>
        </falsefeedback>
      </node>
    </prt>
    <deployedseed>1992806738</deployedseed>
    <deployedseed>1758136277</deployedseed>
    <deployedseed>96193393</deployedseed>
    <deployedseed>506939627</deployedseed>
    <deployedseed>1200820586</deployedseed>
    <qtest>
      <testcase>1</testcase>
      <testinput>
        <name>ans1</name>
        <value>diff(p,v)</value>
      </testinput>
      <expected>
        <name>Result</name>
        <expectedscore>1.0000000</expectedscore>
        <expectedpenalty>0.0000000</expectedpenalty>
        <expectedanswernote>Result-0-T</expectedanswernote>
      </expected>
    </qtest>
    <qtest>
      <testcase>2</testcase>
      <testinput>
        <name>ans1</name>
        <value>diff(pp1,v)*diff(pp2,v)</value>
      </testinput>
      <expected>
        <name>Result</name>
        <expectedscore>0.0000000</expectedscore>
        <expectedpenalty>0.1000000</expectedpenalty>
        <expectedanswernote>Result-1-T </expectedanswernote>
      </expected>
    </qtest>
    <qtest>
      <testcase>3</testcase>
      <testinput>
        <name>ans1</name>
        <value>diff(pp1,v)*pp1+pp2*diff(pp2,v)</value>
      </testinput>
      <expected>
        <name>Result</name>
        <expectedscore>0.0000000</expectedscore>
        <expectedpenalty>0.1000000</expectedpenalty>
        <expectedanswernote>Result-2-T </expectedanswernote>
      </expected>
    </qtest>
    <qtest>
      <testcase>4</testcase>
      <testinput>
        <name>ans1</name>
        <value>diff(pp1,v)*pp2-pp1*diff(pp2,v)</value>
      </testinput>
      <expected>
        <name>Result</name>
        <expectedscore>0.0000000</expectedscore>
        <expectedpenalty>0.1000000</expectedpenalty>
        <expectedanswernote>Result-3-T </expectedanswernote>
      </expected>
    </qtest>
  </question>

<!-- question: 107  -->
  <question type="stack">
    <name>
      <text>CR-Diff-04-product-1.c</text>
    </name>
    <questiontext format="html">
      <text>Differentiate @p@ with respect to @v@.

[[input:ans1]] [[validation:ans1]]
</text>
    </questiontext>
    <generalfeedback format="html">
      <text><![CDATA[In order to solve this problem we will have to use the product rule <hint>calc_product_rule</hint> as follows:

\[\begin{array}{rcl}\displaystyle 
  \frac{d}{d@v@}[@p@] &\displaystyle =&\displaystyle  \left[\frac{d}{d@v@}(@pp1@)\right]\cdot @pp2@ + (@pp1@)\cdot \left[\frac{d}{d@v@}[@pp2@]\right] \\
   &\displaystyle =&\displaystyle  (@diff(pp1,v)@)\cdot @pp2@ + (@pp1@)\cdot @diff(pp2,v)@ \\
   &\displaystyle =&\displaystyle  @diff(p,v)@
 \end{array}\] ]]></text>
    </generalfeedback>
    <defaultgrade>1.0000000</defaultgrade>
    <penalty>0.1000000</penalty>
    <hidden>0</hidden>
    <questionvariables>
      <text>v:x;
rdm1:1/(2+rand(4));
rdm2:-2-rand(4);
pp1:v^(rdm1);
pp2:exp(rdm2*v);
p:pp1*pp2;</text>
    </questionvariables>
    <specificfeedback format="html">
      <text><![CDATA[<p>[[feedback:Result]]</p>]]></text>
    </specificfeedback>
    <questionnote>
      <text>\[\frac{d}{d@v@}(@p@) = @diff(p,v)@ \]</text>
    </questionnote>
    <questionsimplify>1</questionsimplify>
    <assumepositive>0</assumepositive>
    <prtcorrect format="html">
      <text><![CDATA[<span class='correct'>Correct answer, well done.</span>]]></text>
    </prtcorrect>
    <prtpartiallycorrect format="html">
      <text><![CDATA[<span class='partially'>Your answer is partially correct.</span>]]></text>
    </prtpartiallycorrect>
    <prtincorrect format="html">
      <text><![CDATA[<span class='incorrect'>Incorrect answer.</span>]]></text>
    </prtincorrect>
    <multiplicationsign>dot</multiplicationsign>
    <sqrtsign>1</sqrtsign>
    <complexno>i</complexno>
    <variantsselectionseed></variantsselectionseed>
    <input>
      <name>ans1</name>
      <type>algebraic</type>
      <tans>diff(p,v)</tans>
      <boxsize>15</boxsize>
      <strictsyntax>1</strictsyntax>
      <insertstars>0</insertstars>
      <syntaxhint></syntaxhint>
      <forbidwords></forbidwords>
      <forbidfloat>1</forbidfloat>
      <requirelowestterms>1</requirelowestterms>
      <checkanswertype>1</checkanswertype>
      <mustverify>1</mustverify>
      <showvalidation>1</showvalidation>
    </input>
    <prt>
      <name>Result</name>
      <value>1.0000000</value>
      <autosimplify>1</autosimplify>
      <feedbackvariables>
        <text></text>
      </feedbackvariables>
      <node>
        <name>0</name>
        <answertest>Diff</answertest>
        <sans>ans1</sans>
        <tans>diff(p,v)</tans>
        <testoptions>v</testoptions>
        <quiet>0</quiet>
        <truescoremode>=</truescoremode>
        <truescore>1.0000000</truescore>
        <truepenalty></truepenalty>
        <truenextnode>-1</truenextnode>
        <trueanswernote>Result-0-T </trueanswernote>
        <truefeedback format="html">
          <text></text>
        </truefeedback>
        <falsescoremode>=</falsescoremode>
        <falsescore>0.0000000</falsescore>
        <falsepenalty></falsepenalty>
        <falsenextnode>1</falsenextnode>
        <falseanswernote>Result-0-F </falseanswernote>
        <falsefeedback format="html">
          <text></text>
        </falsefeedback>
      </node>
      <node>
        <name>1</name>
        <answertest>AlgEquiv</answertest>
        <sans>ans1</sans>
        <tans>diff(pp1,v)*diff(pp2,v)</tans>
        <testoptions></testoptions>
        <quiet>0</quiet>
        <truescoremode>=</truescoremode>
        <truescore>0.0000000</truescore>
        <truepenalty></truepenalty>
        <truenextnode>-1</truenextnode>
        <trueanswernote>Result-1-T </trueanswernote>
        <truefeedback format="html">
          <text>To differentiate a product use the rule \[\frac{d}{dx}[fg] = \frac{df}{dx}g+f\frac{dg}{dx}.\] You cannot get the derivative of a product by multiplying the derivatives.</text>
        </truefeedback>
        <falsescoremode>=</falsescoremode>
        <falsescore>0.0000000</falsescore>
        <falsepenalty></falsepenalty>
        <falsenextnode>2</falsenextnode>
        <falseanswernote>Result-1-F </falseanswernote>
        <falsefeedback format="html">
          <text></text>
        </falsefeedback>
      </node>
      <node>
        <name>2</name>
        <answertest>AlgEquiv</answertest>
        <sans>ans1</sans>
        <tans>diff(pp1,v)*pp1+pp2*diff(pp2,v)</tans>
        <testoptions></testoptions>
        <quiet>0</quiet>
        <truescoremode>=</truescoremode>
        <truescore>0.0000000</truescore>
        <truepenalty></truepenalty>
        <truenextnode>-1</truenextnode>
        <trueanswernote>Result-2-T </trueanswernote>
        <truefeedback format="html">
          <text>You appear to have applied the product rule incorrectly. It is \[\frac{df}{dx}g+f\frac{dg}{dx},\] not \[f\frac{df}{dx}+g\frac{dg}{dx}.\]</text>
        </truefeedback>
        <falsescoremode>=</falsescoremode>
        <falsescore>0.0000000</falsescore>
        <falsepenalty></falsepenalty>
        <falsenextnode>-1</falsenextnode>
        <falseanswernote>Result-2-F </falseanswernote>
        <falsefeedback format="html">
          <text></text>
        </falsefeedback>
      </node>
    </prt>
    <deployedseed>305866869</deployedseed>
    <deployedseed>1947974942</deployedseed>
    <deployedseed>415883303</deployedseed>
    <deployedseed>937621132</deployedseed>
    <deployedseed>1035558343</deployedseed>
    <deployedseed>680254933</deployedseed>
    <deployedseed>1806449370</deployedseed>
    <qtest>
      <testcase>1</testcase>
      <testinput>
        <name>ans1</name>
        <value>diff(p,v)</value>
      </testinput>
      <expected>
        <name>Result</name>
        <expectedscore>1.0000000</expectedscore>
        <expectedpenalty>0.0000000</expectedpenalty>
        <expectedanswernote>Result-0-T</expectedanswernote>
      </expected>
    </qtest>
    <qtest>
      <testcase>2</testcase>
      <testinput>
        <name>ans1</name>
        <value>diff(pp1,v)*diff(pp2,v)</value>
      </testinput>
      <expected>
        <name>Result</name>
        <expectedscore>0.0000000</expectedscore>
        <expectedpenalty>0.1000000</expectedpenalty>
        <expectedanswernote>Result-1-T </expectedanswernote>
      </expected>
    </qtest>
    <qtest>
      <testcase>3</testcase>
      <testinput>
        <name>ans1</name>
        <value>diff(pp1,v)*pp1+pp2*diff(pp2,v)</value>
      </testinput>
      <expected>
        <name>Result</name>
        <expectedscore>0.0000000</expectedscore>
        <expectedpenalty>0.1000000</expectedpenalty>
        <expectedanswernote>Result-2-T </expectedanswernote>
      </expected>
    </qtest>
  </question>

<!-- question: 108  -->
  <question type="stack">
    <name>
      <text>CR-Diff-04-product-1.d</text>
    </name>
    <questiontext format="html">
      <text>Differentiate @p@ with respect to @v@.

[[input:ans1]] [[validation:ans1]]
</text>
    </questiontext>
    <generalfeedback format="html">
      <text><![CDATA[In order to solve this problem we will have to use the product rule <hint>calc_product_rule</hint> as follows:

\[\begin{array}{rcl}\displaystyle 
  \frac{d}{d@v@}[@p@] &\displaystyle =&\displaystyle  \left[\frac{d}{d@v@}(@pp1@)\right]\cdot @pp2@ + (@pp1@)\cdot \left[\frac{d}{d@v@}[@pp2@]\right] \\
   &\displaystyle =&\displaystyle  (@diff(pp1,v)@)\cdot @pp2@ + (@pp1@)\cdot @diff(pp2,v)@ \\
   &\displaystyle =&\displaystyle  @diff(p,v)@
 \end{array}\] ]]></text>
    </generalfeedback>
    <defaultgrade>1.0000000</defaultgrade>
    <penalty>0.1000000</penalty>
    <hidden>0</hidden>
    <questionvariables>
      <text>v:x;
rdm1:1/(2+rand(4));
rdm2:2+rand(4);
pp1:v^(rdm1);
pp2:log(rdm2*v);
p:pp1*pp2;</text>
    </questionvariables>
    <specificfeedback format="html">
      <text><![CDATA[<p>[[feedback:Result]]</p>]]></text>
    </specificfeedback>
    <questionnote>
      <text>\[\frac{d}{d@v@}(@p@) = @diff(p,v)@ \]</text>
    </questionnote>
    <questionsimplify>1</questionsimplify>
    <assumepositive>0</assumepositive>
    <prtcorrect format="html">
      <text><![CDATA[<span class='correct'>Correct answer, well done.</span>]]></text>
    </prtcorrect>
    <prtpartiallycorrect format="html">
      <text><![CDATA[<span class='partially'>Your answer is partially correct.</span>]]></text>
    </prtpartiallycorrect>
    <prtincorrect format="html">
      <text><![CDATA[<span class='incorrect'>Incorrect answer.</span>]]></text>
    </prtincorrect>
    <multiplicationsign>dot</multiplicationsign>
    <sqrtsign>1</sqrtsign>
    <complexno>i</complexno>
    <variantsselectionseed></variantsselectionseed>
    <input>
      <name>ans1</name>
      <type>algebraic</type>
      <tans>diff(p,v)</tans>
      <boxsize>15</boxsize>
      <strictsyntax>1</strictsyntax>
      <insertstars>0</insertstars>
      <syntaxhint></syntaxhint>
      <forbidwords></forbidwords>
      <forbidfloat>1</forbidfloat>
      <requirelowestterms>1</requirelowestterms>
      <checkanswertype>1</checkanswertype>
      <mustverify>1</mustverify>
      <showvalidation>1</showvalidation>
    </input>
    <prt>
      <name>Result</name>
      <value>1.0000000</value>
      <autosimplify>1</autosimplify>
      <feedbackvariables>
        <text></text>
      </feedbackvariables>
      <node>
        <name>0</name>
        <answertest>Diff</answertest>
        <sans>ans1</sans>
        <tans>diff(p,v)</tans>
        <testoptions>v</testoptions>
        <quiet>0</quiet>
        <truescoremode>=</truescoremode>
        <truescore>1.0000000</truescore>
        <truepenalty></truepenalty>
        <truenextnode>-1</truenextnode>
        <trueanswernote>Result-0-T </trueanswernote>
        <truefeedback format="html">
          <text></text>
        </truefeedback>
        <falsescoremode>=</falsescoremode>
        <falsescore>0.0000000</falsescore>
        <falsepenalty></falsepenalty>
        <falsenextnode>1</falsenextnode>
        <falseanswernote>Result-0-F </falseanswernote>
        <falsefeedback format="html">
          <text></text>
        </falsefeedback>
      </node>
      <node>
        <name>1</name>
        <answertest>AlgEquiv</answertest>
        <sans>ans1</sans>
        <tans>diff(pp1,v)*diff(pp2,v)</tans>
        <testoptions></testoptions>
        <quiet>0</quiet>
        <truescoremode>=</truescoremode>
        <truescore>0.0000000</truescore>
        <truepenalty></truepenalty>
        <truenextnode>-1</truenextnode>
        <trueanswernote>Result-1-T </trueanswernote>
        <truefeedback format="html">
          <text>To differentiate a product use the rule \[\frac{d}{dx}[fg] = \frac{df}{dx}g+f\frac{dg}{dx}.\] You cannot get the derivative of a product by multiplying the derivatives.</text>
        </truefeedback>
        <falsescoremode>=</falsescoremode>
        <falsescore>0.0000000</falsescore>
        <falsepenalty></falsepenalty>
        <falsenextnode>2</falsenextnode>
        <falseanswernote>Result-1-F </falseanswernote>
        <falsefeedback format="html">
          <text></text>
        </falsefeedback>
      </node>
      <node>
        <name>2</name>
        <answertest>AlgEquiv</answertest>
        <sans>ans1</sans>
        <tans>diff(pp1,v)*pp1+pp2*diff(pp2,v)</tans>
        <testoptions></testoptions>
        <quiet>0</quiet>
        <truescoremode>=</truescoremode>
        <truescore>0.0000000</truescore>
        <truepenalty></truepenalty>
        <truenextnode>-1</truenextnode>
        <trueanswernote>Result-2-T </trueanswernote>
        <truefeedback format="html">
          <text>You appear to have applied the product rule incorrectly. It is \[\frac{df}{dx}g+f\frac{dg}{dx},\] not \[f\frac{df}{dx}+g\frac{dg}{dx}.\]</text>
        </truefeedback>
        <falsescoremode>=</falsescoremode>
        <falsescore>0.0000000</falsescore>
        <falsepenalty></falsepenalty>
        <falsenextnode>-1</falsenextnode>
        <falseanswernote>Result-2-F </falseanswernote>
        <falsefeedback format="html">
          <text></text>
        </falsefeedback>
      </node>
    </prt>
    <deployedseed>1790893699</deployedseed>
    <deployedseed>1529974352</deployedseed>
    <deployedseed>153452912</deployedseed>
    <deployedseed>1058957178</deployedseed>
    <deployedseed>139832412</deployedseed>
    <qtest>
      <testcase>1</testcase>
      <testinput>
        <name>ans1</name>
        <value>diff(p,v)</value>
      </testinput>
      <expected>
        <name>Result</name>
        <expectedscore>1.0000000</expectedscore>
        <expectedpenalty>0.0000000</expectedpenalty>
        <expectedanswernote>Result-0-T</expectedanswernote>
      </expected>
    </qtest>
    <qtest>
      <testcase>2</testcase>
      <testinput>
        <name>ans1</name>
        <value>diff(pp1,v)*diff(pp2,v)</value>
      </testinput>
      <expected>
        <name>Result</name>
        <expectedscore>0.0000000</expectedscore>
        <expectedpenalty>0.1000000</expectedpenalty>
        <expectedanswernote>Result-1-T </expectedanswernote>
      </expected>
    </qtest>
    <qtest>
      <testcase>3</testcase>
      <testinput>
        <name>ans1</name>
        <value>diff(pp1,v)*pp1+pp2*diff(pp2,v)</value>
      </testinput>
      <expected>
        <name>Result</name>
        <expectedscore>0.0000000</expectedscore>
        <expectedpenalty>0.1000000</expectedpenalty>
        <expectedanswernote>Result-2-T </expectedanswernote>
      </expected>
    </qtest>
  </question>

<!-- question: 109  -->
  <question type="stack">
    <name>
      <text>CR-Diff-04-product-1.e</text>
    </name>
    <questiontext format="html">
      <text><![CDATA[<p>Differentiate @p@ with respect to @v@. [[input:ans1]] [[validation:ans1]]</p>]]></text>
    </questiontext>
    <generalfeedback format="html">
      <text><![CDATA[<p>In order to solve this problem we will have to use the product rule calc_product_rule as follows: \[\begin{array}{rcl}\displaystyle \frac{d}{d@v@}[@p@] &amp;\displaystyle =&amp;\displaystyle \left[\frac{d}{d@v@}(@pp1@)\right]\cdot @pp2@ + (@pp1@)\cdot \left[\frac{d}{d@v@}[@pp2@]\right] \\ &amp;\displaystyle =&amp;\displaystyle (@diff(pp1,v)@)\cdot @pp2@ + (@pp1@)\cdot @diff(pp2,v)@ \\ &amp;\displaystyle =&amp;\displaystyle @diff(p,v)@ \end{array}\]</p>]]></text>
    </generalfeedback>
    <defaultgrade>1.0000000</defaultgrade>
    <penalty>0.1000000</penalty>
    <hidden>0</hidden>
    <questionvariables>
      <text>v:x;
rdm1:2+rand(2);
rdm2:4+rand(4);
pp1:(v^(rdm1)-v^(rdm1-1));
pp2:sin(rdm2*v);
p:pp1*pp2;</text>
    </questionvariables>
    <specificfeedback format="html">
      <text><![CDATA[<p>[[feedback:Result]]</p>]]></text>
    </specificfeedback>
    <questionnote>
      <text>\[\frac{d}{d@v@}(@p@) = @diff(p,v)@ \]</text>
    </questionnote>
    <questionsimplify>1</questionsimplify>
    <assumepositive>0</assumepositive>
    <prtcorrect format="html">
      <text><![CDATA[<p><span class="correct">Correct answer, well done.</span></p>]]></text>
    </prtcorrect>
    <prtpartiallycorrect format="html">
      <text><![CDATA[<p><span class="partially">Your answer is partially correct.</span></p>]]></text>
    </prtpartiallycorrect>
    <prtincorrect format="html">
      <text><![CDATA[<p><span class="incorrect">Incorrect answer.</span></p>]]></text>
    </prtincorrect>
    <multiplicationsign>dot</multiplicationsign>
    <sqrtsign>1</sqrtsign>
    <complexno>i</complexno>
    <variantsselectionseed></variantsselectionseed>
    <input>
      <name>ans1</name>
      <type>algebraic</type>
      <tans>diff(p,v)</tans>
      <boxsize>15</boxsize>
      <strictsyntax>1</strictsyntax>
      <insertstars>0</insertstars>
      <syntaxhint></syntaxhint>
      <forbidwords></forbidwords>
      <forbidfloat>1</forbidfloat>
      <requirelowestterms>1</requirelowestterms>
      <checkanswertype>1</checkanswertype>
      <mustverify>1</mustverify>
      <showvalidation>1</showvalidation>
    </input>
    <prt>
      <name>Result</name>
      <value>1.0000000</value>
      <autosimplify>1</autosimplify>
      <feedbackvariables>
        <text></text>
      </feedbackvariables>
      <node>
        <name>0</name>
        <answertest>Diff</answertest>
        <sans>ans1</sans>
        <tans>diff(p,v)</tans>
        <testoptions>v</testoptions>
        <quiet>0</quiet>
        <truescoremode>=</truescoremode>
        <truescore>1.0000000</truescore>
        <truepenalty></truepenalty>
        <truenextnode>-1</truenextnode>
        <trueanswernote>Result-0-T </trueanswernote>
        <truefeedback format="html">
          <text></text>
        </truefeedback>
        <falsescoremode>=</falsescoremode>
        <falsescore>0.0000000</falsescore>
        <falsepenalty></falsepenalty>
        <falsenextnode>1</falsenextnode>
        <falseanswernote>Result-0-F </falseanswernote>
        <falsefeedback format="html">
          <text></text>
        </falsefeedback>
      </node>
      <node>
        <name>1</name>
        <answertest>AlgEquiv</answertest>
        <sans>ans1</sans>
        <tans>diff(pp1,v)*diff(pp2,v)</tans>
        <testoptions></testoptions>
        <quiet>0</quiet>
        <truescoremode>=</truescoremode>
        <truescore>0.0000000</truescore>
        <truepenalty></truepenalty>
        <truenextnode>-1</truenextnode>
        <trueanswernote>Result-1-T </trueanswernote>
        <truefeedback format="html">
          <text><![CDATA[<p>To differentiate a product use the rule \[\frac{d}{dx}[fg] = \frac{df}{dx}g+f\frac{dg}{dx}.\] You cannot get the derivative of a product by multiplying the derivatives.</p>]]></text>
        </truefeedback>
        <falsescoremode>=</falsescoremode>
        <falsescore>0.0000000</falsescore>
        <falsepenalty></falsepenalty>
        <falsenextnode>2</falsenextnode>
        <falseanswernote>Result-1-F </falseanswernote>
        <falsefeedback format="html">
          <text></text>
        </falsefeedback>
      </node>
      <node>
        <name>2</name>
        <answertest>AlgEquiv</answertest>
        <sans>ans1</sans>
        <tans>diff(pp1,v)*pp1+pp2*diff(pp2,v)</tans>
        <testoptions></testoptions>
        <quiet>0</quiet>
        <truescoremode>=</truescoremode>
        <truescore>0.0000000</truescore>
        <truepenalty></truepenalty>
        <truenextnode>-1</truenextnode>
        <trueanswernote>Result-2-T </trueanswernote>
        <truefeedback format="html">
          <text><![CDATA[<p>You appear to have applied the product rule incorrectly. It is \[\frac{df}{dx}g+f\frac{dg}{dx},\] not \[f\frac{df}{dx}+g\frac{dg}{dx}.\]</p>]]></text>
        </truefeedback>
        <falsescoremode>=</falsescoremode>
        <falsescore>0.0000000</falsescore>
        <falsepenalty></falsepenalty>
        <falsenextnode>3</falsenextnode>
        <falseanswernote>Result-2-F </falseanswernote>
        <falsefeedback format="html">
          <text></text>
        </falsefeedback>
      </node>
      <node>
        <name>3</name>
        <answertest>AlgEquiv</answertest>
        <sans>ans1</sans>
        <tans>diff(pp1,v)*pp2-pp1*diff(pp2,v)</tans>
        <testoptions></testoptions>
        <quiet>0</quiet>
        <truescoremode>=</truescoremode>
        <truescore>0.0000000</truescore>
        <truepenalty></truepenalty>
        <truenextnode>-1</truenextnode>
        <trueanswernote>Result-3-T </trueanswernote>
        <truefeedback format="html">
          <text><![CDATA[<p>The derivative of $\sin(mx)$ is $m\cos(mx)$; you appear to have gained a minus sign which might suggest you have used $-m\cos(mx)$ as the derivative of $\sin(mx)$.</p>]]></text>
        </truefeedback>
        <falsescoremode>=</falsescoremode>
        <falsescore>0.0000000</falsescore>
        <falsepenalty></falsepenalty>
        <falsenextnode>-1</falsenextnode>
        <falseanswernote>Result-3-F </falseanswernote>
        <falsefeedback format="html">
          <text></text>
        </falsefeedback>
      </node>
    </prt>
    <deployedseed>392128450</deployedseed>
    <deployedseed>1277681689</deployedseed>
    <deployedseed>1409103747</deployedseed>
    <deployedseed>154701279</deployedseed>
    <deployedseed>593149157</deployedseed>
    <deployedseed>1956194091</deployedseed>
    <qtest>
      <testcase>1</testcase>
      <testinput>
        <name>ans1</name>
        <value>diff(p,v)</value>
      </testinput>
      <expected>
        <name>Result</name>
        <expectedscore>1.0000000</expectedscore>
        <expectedpenalty>0.0000000</expectedpenalty>
        <expectedanswernote>Result-0-T</expectedanswernote>
      </expected>
    </qtest>
    <qtest>
      <testcase>2</testcase>
      <testinput>
        <name>ans1</name>
        <value>diff(pp1,v)*diff(pp2,v)</value>
      </testinput>
      <expected>
        <name>Result</name>
        <expectedscore>0.0000000</expectedscore>
        <expectedpenalty>0.1000000</expectedpenalty>
        <expectedanswernote>Result-1-T </expectedanswernote>
      </expected>
    </qtest>
    <qtest>
      <testcase>3</testcase>
      <testinput>
        <name>ans1</name>
        <value>diff(pp1,v)*pp1+pp2*diff(pp2,v)</value>
      </testinput>
      <expected>
        <name>Result</name>
        <expectedscore>0.0000000</expectedscore>
        <expectedpenalty>0.1000000</expectedpenalty>
        <expectedanswernote>Result-2-T </expectedanswernote>
      </expected>
    </qtest>
    <qtest>
      <testcase>4</testcase>
      <testinput>
        <name>ans1</name>
        <value>diff(pp1,v)*pp2-pp1*diff(pp2,v)</value>
      </testinput>
      <expected>
        <name>Result</name>
        <expectedscore>0.0000000</expectedscore>
        <expectedpenalty>0.1000000</expectedpenalty>
        <expectedanswernote>Result-3-T </expectedanswernote>
      </expected>
    </qtest>
  </question>

<!-- question: 110  -->
  <question type="stack">
    <name>
      <text>CR-Diff-04-product-1.f</text>
    </name>
    <questiontext format="html">
      <text>Differentiate \[\left(@pp1@\right)\left(@pp2@\right)\] with respect to @v@.

[[input:ans1]] [[validation:ans1]]
</text>
    </questiontext>
    <generalfeedback format="html">
      <text><![CDATA[In order to solve this problem we will have to use the product rule <hint>calc_product_rule</hint> as follows:

\[\begin{array}{rcl}\displaystyle 
  \frac{d}{d@v@}[@p@] &\displaystyle =&\displaystyle  \left[\frac{d}{d@v@}(@pp1@)\right]\cdot @pp2@ + (@pp1@)\cdot \left[\frac{d}{d@v@}[@pp2@]\right] \\
   &\displaystyle =&\displaystyle  \left(@diff(pp1,v)@\right)\cdot @pp2@ + \left(@pp1@\right)\cdot @diff(pp2,v)@ \\
   &\displaystyle =&\displaystyle  @diff(p,v)@
 \end{array}\] ]]></text>
    </generalfeedback>
    <defaultgrade>1.0000000</defaultgrade>
    <penalty>0.1000000</penalty>
    <hidden>0</hidden>
    <questionvariables>
      <text>v:x;
rdm1:2+rand(4);
rdm2:2+rand(4);
pp1:(tan(v/rdm1)-cos(v/rdm1));
pp2:1/v;
p:pp1*pp2;</text>
    </questionvariables>
    <specificfeedback format="html">
      <text><![CDATA[<p>[[feedback:Result]]</p>]]></text>
    </specificfeedback>
    <questionnote>
      <text>\[\frac{d}{d@v@}(@p@) = @diff(p,v)@ \]</text>
    </questionnote>
    <questionsimplify>1</questionsimplify>
    <assumepositive>0</assumepositive>
    <prtcorrect format="html">
      <text><![CDATA[<span class='correct'>Correct answer, well done.</span>]]></text>
    </prtcorrect>
    <prtpartiallycorrect format="html">
      <text><![CDATA[<span class='partially'>Your answer is partially correct.</span>]]></text>
    </prtpartiallycorrect>
    <prtincorrect format="html">
      <text><![CDATA[<span class='incorrect'>Incorrect answer.</span>]]></text>
    </prtincorrect>
    <multiplicationsign>dot</multiplicationsign>
    <sqrtsign>1</sqrtsign>
    <complexno>i</complexno>
    <variantsselectionseed></variantsselectionseed>
    <input>
      <name>ans1</name>
      <type>algebraic</type>
      <tans>diff(p,v)</tans>
      <boxsize>15</boxsize>
      <strictsyntax>1</strictsyntax>
      <insertstars>0</insertstars>
      <syntaxhint></syntaxhint>
      <forbidwords></forbidwords>
      <forbidfloat>1</forbidfloat>
      <requirelowestterms>1</requirelowestterms>
      <checkanswertype>1</checkanswertype>
      <mustverify>1</mustverify>
      <showvalidation>1</showvalidation>
    </input>
    <prt>
      <name>Result</name>
      <value>1.0000000</value>
      <autosimplify>1</autosimplify>
      <feedbackvariables>
        <text></text>
      </feedbackvariables>
      <node>
        <name>0</name>
        <answertest>Diff</answertest>
        <sans>ans1</sans>
        <tans>diff(p,v)</tans>
        <testoptions>v</testoptions>
        <quiet>0</quiet>
        <truescoremode>=</truescoremode>
        <truescore>1.0000000</truescore>
        <truepenalty></truepenalty>
        <truenextnode>-1</truenextnode>
        <trueanswernote>Result-0-T </trueanswernote>
        <truefeedback format="html">
          <text></text>
        </truefeedback>
        <falsescoremode>=</falsescoremode>
        <falsescore>0.0000000</falsescore>
        <falsepenalty></falsepenalty>
        <falsenextnode>1</falsenextnode>
        <falseanswernote>Result-0-F </falseanswernote>
        <falsefeedback format="html">
          <text></text>
        </falsefeedback>
      </node>
      <node>
        <name>1</name>
        <answertest>AlgEquiv</answertest>
        <sans>ans1</sans>
        <tans>diff(pp1,v)*diff(pp2,v)</tans>
        <testoptions></testoptions>
        <quiet>0</quiet>
        <truescoremode>=</truescoremode>
        <truescore>0.0000000</truescore>
        <truepenalty></truepenalty>
        <truenextnode>-1</truenextnode>
        <trueanswernote>Result-1-T </trueanswernote>
        <truefeedback format="html">
          <text>To differentiate a product use the rule \[\frac{d}{dx}[fg] = \frac{df}{dx}g+f\frac{dg}{dx}.\] You cannot get the derivative of a product by multiplying the derivatives.</text>
        </truefeedback>
        <falsescoremode>=</falsescoremode>
        <falsescore>0.0000000</falsescore>
        <falsepenalty></falsepenalty>
        <falsenextnode>2</falsenextnode>
        <falseanswernote>Result-1-F </falseanswernote>
        <falsefeedback format="html">
          <text></text>
        </falsefeedback>
      </node>
      <node>
        <name>2</name>
        <answertest>AlgEquiv</answertest>
        <sans>ans1</sans>
        <tans>diff(pp1,v)*pp1+pp2*diff(pp2,v)</tans>
        <testoptions></testoptions>
        <quiet>0</quiet>
        <truescoremode>=</truescoremode>
        <truescore>0.0000000</truescore>
        <truepenalty></truepenalty>
        <truenextnode>-1</truenextnode>
        <trueanswernote>Result-2-T </trueanswernote>
        <truefeedback format="html">
          <text>You appear to have applied the product rule incorrectly. It is \[\frac{df}{dx}g+f\frac{dg}{dx},\] not \[f\frac{df}{dx}+g\frac{dg}{dx}.\]</text>
        </truefeedback>
        <falsescoremode>=</falsescoremode>
        <falsescore>0.0000000</falsescore>
        <falsepenalty></falsepenalty>
        <falsenextnode>-1</falsenextnode>
        <falseanswernote>Result-2-F </falseanswernote>
        <falsefeedback format="html">
          <text></text>
        </falsefeedback>
      </node>
    </prt>
    <deployedseed>1475212550</deployedseed>
    <deployedseed>449693107</deployedseed>
    <deployedseed>1368045855</deployedseed>
    <deployedseed>1082516747</deployedseed>
    <qtest>
      <testcase>1</testcase>
      <testinput>
        <name>ans1</name>
        <value>diff(p,v)</value>
      </testinput>
      <expected>
        <name>Result</name>
        <expectedscore>1.0000000</expectedscore>
        <expectedpenalty>0.0000000</expectedpenalty>
        <expectedanswernote>Result-0-T</expectedanswernote>
      </expected>
    </qtest>
    <qtest>
      <testcase>2</testcase>
      <testinput>
        <name>ans1</name>
        <value>diff(pp1,v)*diff(pp2,v)</value>
      </testinput>
      <expected>
        <name>Result</name>
        <expectedscore>0.0000000</expectedscore>
        <expectedpenalty>0.1000000</expectedpenalty>
        <expectedanswernote>Result-1-T </expectedanswernote>
      </expected>
    </qtest>
    <qtest>
      <testcase>3</testcase>
      <testinput>
        <name>ans1</name>
        <value>diff(pp1,v)*pp1+pp2*diff(pp2,v)</value>
      </testinput>
      <expected>
        <name>Result</name>
        <expectedscore>0.0000000</expectedscore>
        <expectedpenalty>0.1000000</expectedpenalty>
        <expectedanswernote>Result-2-T </expectedanswernote>
      </expected>
    </qtest>
  </question>

<!-- question: 111  -->
  <question type="stack">
    <name>
      <text>CR-Diff-04-product-2.b</text>
    </name>
    <questiontext format="html">
      <text><![CDATA[<p>Find the following derivative: \[ \frac{d}{d@v@}[@p@]. \] [[input:ans1]] [[validation:ans1]]</p>]]></text>
    </questiontext>
    <generalfeedback format="html">
      <text><![CDATA[<p>In order to solve this problem we will have to use the product rule calc_product_rule as follows: \[\begin{array}{rcl}\displaystyle \frac{d}{d@v@}[@p@] &amp;\displaystyle =&amp;\displaystyle \left[\frac{d}{d@v@}[@pp1@]\right]\cdot @pp2@ + @pp1@\cdot \left[\frac{d}{d@v@}[@pp2@]\right] \\ &amp;\displaystyle =&amp;\displaystyle @diff(pp1,v)@\cdot @pp2@ + @pp1@\cdot [@diff(pp2,v)@] \\ &amp;\displaystyle =&amp;\displaystyle @diff(p,v)@ \end{array}\]</p>]]></text>
    </generalfeedback>
    <defaultgrade>1.0000000</defaultgrade>
    <penalty>0.1000000</penalty>
    <hidden>0</hidden>
    <questionvariables>
      <text>v:z;
rdm1:2+rand(5);
rdm2:2+rand(5);
pp1:sin(rdm1*v);
pp2:tan(rdm2*v);
p:pp1*pp2;</text>
    </questionvariables>
    <specificfeedback format="html">
      <text><![CDATA[<p>[[feedback:Result]]</p>]]></text>
    </specificfeedback>
    <questionnote>
      <text>\[\frac{d}{d@v@}(@p@) = @diff(p,v)@ \]</text>
    </questionnote>
    <questionsimplify>1</questionsimplify>
    <assumepositive>0</assumepositive>
    <prtcorrect format="html">
      <text><![CDATA[<p><span class="correct">Correct answer, well done.</span></p>]]></text>
    </prtcorrect>
    <prtpartiallycorrect format="html">
      <text><![CDATA[<p><span class="partially">Your answer is partially correct.</span></p>]]></text>
    </prtpartiallycorrect>
    <prtincorrect format="html">
      <text><![CDATA[<p><span class="incorrect">Incorrect answer.</span></p>]]></text>
    </prtincorrect>
    <multiplicationsign>dot</multiplicationsign>
    <sqrtsign>1</sqrtsign>
    <complexno>i</complexno>
    <variantsselectionseed></variantsselectionseed>
    <input>
      <name>ans1</name>
      <type>algebraic</type>
      <tans>diff(p,v)</tans>
      <boxsize>15</boxsize>
      <strictsyntax>1</strictsyntax>
      <insertstars>0</insertstars>
      <syntaxhint></syntaxhint>
      <forbidwords></forbidwords>
      <forbidfloat>1</forbidfloat>
      <requirelowestterms>1</requirelowestterms>
      <checkanswertype>1</checkanswertype>
      <mustverify>1</mustverify>
      <showvalidation>1</showvalidation>
    </input>
    <prt>
      <name>Result</name>
      <value>1.0000000</value>
      <autosimplify>1</autosimplify>
      <feedbackvariables>
        <text></text>
      </feedbackvariables>
      <node>
        <name>0</name>
        <answertest>Diff</answertest>
        <sans>ans1</sans>
        <tans>diff(p,v)</tans>
        <testoptions>v</testoptions>
        <quiet>0</quiet>
        <truescoremode>=</truescoremode>
        <truescore>1.0000000</truescore>
        <truepenalty></truepenalty>
        <truenextnode>-1</truenextnode>
        <trueanswernote>Result-0-T </trueanswernote>
        <truefeedback format="html">
          <text></text>
        </truefeedback>
        <falsescoremode>=</falsescoremode>
        <falsescore>0.0000000</falsescore>
        <falsepenalty></falsepenalty>
        <falsenextnode>1</falsenextnode>
        <falseanswernote>Result-0-F </falseanswernote>
        <falsefeedback format="html">
          <text></text>
        </falsefeedback>
      </node>
      <node>
        <name>1</name>
        <answertest>AlgEquiv</answertest>
        <sans>ans1</sans>
        <tans>diff(pp1,v)*diff(pp2,v)</tans>
        <testoptions></testoptions>
        <quiet>0</quiet>
        <truescoremode>=</truescoremode>
        <truescore>0.0000000</truescore>
        <truepenalty></truepenalty>
        <truenextnode>-1</truenextnode>
        <trueanswernote>Result-1-T </trueanswernote>
        <truefeedback format="html">
          <text><![CDATA[<p>To differentiate a product use the rule \[\frac{d}{dx}[fg] = \frac{df}{dx}g+f\frac{dg}{dx}.\] You cannot get the derivative of a product by multiplying the derivatives.</p>]]></text>
        </truefeedback>
        <falsescoremode>=</falsescoremode>
        <falsescore>0.0000000</falsescore>
        <falsepenalty></falsepenalty>
        <falsenextnode>2</falsenextnode>
        <falseanswernote>Result-1-F </falseanswernote>
        <falsefeedback format="html">
          <text></text>
        </falsefeedback>
      </node>
      <node>
        <name>2</name>
        <answertest>AlgEquiv</answertest>
        <sans>ans1</sans>
        <tans>diff(pp1,v)*pp1+pp2*diff(pp2,v)</tans>
        <testoptions></testoptions>
        <quiet>0</quiet>
        <truescoremode>=</truescoremode>
        <truescore>0.0000000</truescore>
        <truepenalty></truepenalty>
        <truenextnode>-1</truenextnode>
        <trueanswernote>Result-2-T </trueanswernote>
        <truefeedback format="html">
          <text><![CDATA[<p>You appear to have applied the product rule incorrectly. It is \[\frac{df}{dx}g+f\frac{dg}{dx},\] not \[f\frac{df}{dx}+g\frac{dg}{dx}.\]</p>]]></text>
        </truefeedback>
        <falsescoremode>=</falsescoremode>
        <falsescore>0.0000000</falsescore>
        <falsepenalty></falsepenalty>
        <falsenextnode>3</falsenextnode>
        <falseanswernote>Result-2-F </falseanswernote>
        <falsefeedback format="html">
          <text></text>
        </falsefeedback>
      </node>
      <node>
        <name>3</name>
        <answertest>AlgEquiv</answertest>
        <sans>ans1</sans>
        <tans>-diff(pp1,v)*pp2-pp1*diff(pp2,v)</tans>
        <testoptions></testoptions>
        <quiet>0</quiet>
        <truescoremode>=</truescoremode>
        <truescore>0.0000000</truescore>
        <truepenalty></truepenalty>
        <truenextnode>-1</truenextnode>
        <trueanswernote>Result-3-T </trueanswernote>
        <truefeedback format="html">
          <text><![CDATA[<p>The derivative of $\sin(mx)$ is $m\cos(mx)$; you appear to have gained a minus sign which might suggest you have used $-m\cos(mx)$ as the derivative of $\cos(mx)$.</p>]]></text>
        </truefeedback>
        <falsescoremode>=</falsescoremode>
        <falsescore>0.0000000</falsescore>
        <falsepenalty></falsepenalty>
        <falsenextnode>-1</falsenextnode>
        <falseanswernote>Result-3-F </falseanswernote>
        <falsefeedback format="html">
          <text></text>
        </falsefeedback>
      </node>
    </prt>
    <deployedseed>1422408756</deployedseed>
    <deployedseed>1667675486</deployedseed>
    <deployedseed>1337592673</deployedseed>
    <deployedseed>819120821</deployedseed>
    <deployedseed>322072249</deployedseed>
    <deployedseed>28938579</deployedseed>
    <qtest>
      <testcase>1</testcase>
      <testinput>
        <name>ans1</name>
        <value>diff(p,v)</value>
      </testinput>
      <expected>
        <name>Result</name>
        <expectedscore>1.0000000</expectedscore>
        <expectedpenalty>0.0000000</expectedpenalty>
        <expectedanswernote>Result-0-T</expectedanswernote>
      </expected>
    </qtest>
    <qtest>
      <testcase>2</testcase>
      <testinput>
        <name>ans1</name>
        <value>diff(pp1,v)*diff(pp2,v)</value>
      </testinput>
      <expected>
        <name>Result</name>
        <expectedscore>0.0000000</expectedscore>
        <expectedpenalty>0.1000000</expectedpenalty>
        <expectedanswernote>Result-1-T </expectedanswernote>
      </expected>
    </qtest>
    <qtest>
      <testcase>3</testcase>
      <testinput>
        <name>ans1</name>
        <value>diff(pp1,v)*pp1+pp2*diff(pp2,v)</value>
      </testinput>
      <expected>
        <name>Result</name>
        <expectedscore>0.0000000</expectedscore>
        <expectedpenalty>0.1000000</expectedpenalty>
        <expectedanswernote>Result-2-T </expectedanswernote>
      </expected>
    </qtest>
    <qtest>
      <testcase>4</testcase>
      <testinput>
        <name>ans1</name>
        <value>-diff(pp1,v)*pp2-pp1*diff(pp2,v)</value>
      </testinput>
      <expected>
        <name>Result</name>
        <expectedscore>0.0000000</expectedscore>
        <expectedpenalty>0.1000000</expectedpenalty>
        <expectedanswernote>Result-3-T </expectedanswernote>
      </expected>
    </qtest>
  </question>

<!-- question: 112  -->
  <question type="stack">
    <name>
      <text>CR-Diff-04-product-2.c</text>
    </name>
    <questiontext format="html">
      <text><![CDATA[<p>Find the following derivative: \[ \frac{d}{d@v@}[@p@]. \] [[input:ans1]] [[validation:ans1]]</p>]]></text>
    </questiontext>
    <generalfeedback format="html">
      <text><![CDATA[<p>In order to solve this problem we will have to use the product rule calc_product_rule as follows: \[\begin{array}{rcl}\displaystyle \frac{d}{d@v@}[@p@] &amp;\displaystyle =&amp;\displaystyle \left[\frac{d}{d@v@}[@pp1@]\right]\cdot @pp2@ + @pp1@\cdot \left[\frac{d}{d@v@}[@pp2@]\right] \\ &amp;\displaystyle =&amp;\displaystyle @diff(pp1,v)@\cdot @pp2@ + @pp1@\cdot [@diff(pp2,v)@] \\ &amp;\displaystyle =&amp;\displaystyle @diff(p,v)@ \end{array}\]</p>]]></text>
    </generalfeedback>
    <defaultgrade>1.0000000</defaultgrade>
    <penalty>0.1000000</penalty>
    <hidden>0</hidden>
    <questionvariables>
      <text>v:z;
rdm1:1+rand(5);
rdm2:2+rand(5);
pp1:sin(rdm1*v);
pp2:log(rdm2*v);
p:pp1*pp2;</text>
    </questionvariables>
    <specificfeedback format="html">
      <text><![CDATA[<p>[[feedback:Result]]</p>]]></text>
    </specificfeedback>
    <questionnote>
      <text>\[\frac{d}{d@v@}(@p@) = @diff(p,v)@ \]</text>
    </questionnote>
    <questionsimplify>1</questionsimplify>
    <assumepositive>0</assumepositive>
    <prtcorrect format="html">
      <text><![CDATA[<p><span class="correct">Correct answer, well done.</span></p>]]></text>
    </prtcorrect>
    <prtpartiallycorrect format="html">
      <text><![CDATA[<p><span class="partially">Your answer is partially correct.</span></p>]]></text>
    </prtpartiallycorrect>
    <prtincorrect format="html">
      <text><![CDATA[<p><span class="incorrect">Incorrect answer.</span></p>]]></text>
    </prtincorrect>
    <multiplicationsign>dot</multiplicationsign>
    <sqrtsign>1</sqrtsign>
    <complexno>i</complexno>
    <variantsselectionseed></variantsselectionseed>
    <input>
      <name>ans1</name>
      <type>algebraic</type>
      <tans>diff(p,v)</tans>
      <boxsize>15</boxsize>
      <strictsyntax>1</strictsyntax>
      <insertstars>0</insertstars>
      <syntaxhint></syntaxhint>
      <forbidwords></forbidwords>
      <forbidfloat>1</forbidfloat>
      <requirelowestterms>1</requirelowestterms>
      <checkanswertype>1</checkanswertype>
      <mustverify>1</mustverify>
      <showvalidation>1</showvalidation>
    </input>
    <prt>
      <name>Result</name>
      <value>1.0000000</value>
      <autosimplify>1</autosimplify>
      <feedbackvariables>
        <text></text>
      </feedbackvariables>
      <node>
        <name>0</name>
        <answertest>Diff</answertest>
        <sans>ans1</sans>
        <tans>diff(p,v)</tans>
        <testoptions>v</testoptions>
        <quiet>0</quiet>
        <truescoremode>=</truescoremode>
        <truescore>1.0000000</truescore>
        <truepenalty></truepenalty>
        <truenextnode>-1</truenextnode>
        <trueanswernote>Result-0-T </trueanswernote>
        <truefeedback format="html">
          <text></text>
        </truefeedback>
        <falsescoremode>=</falsescoremode>
        <falsescore>0.0000000</falsescore>
        <falsepenalty></falsepenalty>
        <falsenextnode>1</falsenextnode>
        <falseanswernote>Result-0-F </falseanswernote>
        <falsefeedback format="html">
          <text></text>
        </falsefeedback>
      </node>
      <node>
        <name>1</name>
        <answertest>AlgEquiv</answertest>
        <sans>ans1</sans>
        <tans>diff(pp1,v)*diff(pp2,v)</tans>
        <testoptions></testoptions>
        <quiet>0</quiet>
        <truescoremode>=</truescoremode>
        <truescore>0.0000000</truescore>
        <truepenalty></truepenalty>
        <truenextnode>-1</truenextnode>
        <trueanswernote>Result-1-T </trueanswernote>
        <truefeedback format="html">
          <text><![CDATA[<p>To differentiate a product use the rule \[\frac{d}{dx}[fg] = \frac{df}{dx}g+f\frac{dg}{dx}.\] You cannot get the derivative of a product by multiplying the derivatives.</p>]]></text>
        </truefeedback>
        <falsescoremode>=</falsescoremode>
        <falsescore>0.0000000</falsescore>
        <falsepenalty></falsepenalty>
        <falsenextnode>2</falsenextnode>
        <falseanswernote>Result-1-F </falseanswernote>
        <falsefeedback format="html">
          <text></text>
        </falsefeedback>
      </node>
      <node>
        <name>2</name>
        <answertest>AlgEquiv</answertest>
        <sans>ans1</sans>
        <tans>diff(pp1,v)*pp1+pp2*diff(pp2,v)</tans>
        <testoptions></testoptions>
        <quiet>0</quiet>
        <truescoremode>=</truescoremode>
        <truescore>0.0000000</truescore>
        <truepenalty></truepenalty>
        <truenextnode>-1</truenextnode>
        <trueanswernote>Result-2-T </trueanswernote>
        <truefeedback format="html">
          <text><![CDATA[<p>You appear to have applied the product rule incorrectly. It is \[\frac{df}{dx}g+f\frac{dg}{dx},\] not \[f\frac{df}{dx}+g\frac{dg}{dx}.\]</p>]]></text>
        </truefeedback>
        <falsescoremode>=</falsescoremode>
        <falsescore>0.0000000</falsescore>
        <falsepenalty></falsepenalty>
        <falsenextnode>3</falsenextnode>
        <falseanswernote>Result-2-F </falseanswernote>
        <falsefeedback format="html">
          <text></text>
        </falsefeedback>
      </node>
      <node>
        <name>3</name>
        <answertest>AlgEquiv</answertest>
        <sans>ans1</sans>
        <tans>-diff(pp1,v)*pp2-pp1*diff(pp2,v)</tans>
        <testoptions></testoptions>
        <quiet>0</quiet>
        <truescoremode>=</truescoremode>
        <truescore>0.0000000</truescore>
        <truepenalty></truepenalty>
        <truenextnode>-1</truenextnode>
        <trueanswernote>Result-3-T </trueanswernote>
        <truefeedback format="html">
          <text><![CDATA[<p>The derivative of $\sin(mx)$ is $m\cos(mx)$; you appear to have gained a minus sign which might suggest you have used $-m\cos(mx)$ as the derivative of $\cos(mx)$.</p>]]></text>
        </truefeedback>
        <falsescoremode>=</falsescoremode>
        <falsescore>0.0000000</falsescore>
        <falsepenalty></falsepenalty>
        <falsenextnode>-1</falsenextnode>
        <falseanswernote>Result-3-F </falseanswernote>
        <falsefeedback format="html">
          <text></text>
        </falsefeedback>
      </node>
    </prt>
    <deployedseed>1484666170</deployedseed>
    <deployedseed>335035682</deployedseed>
    <deployedseed>1259886216</deployedseed>
    <deployedseed>491149405</deployedseed>
    <deployedseed>1288518326</deployedseed>
    <deployedseed>2009225554</deployedseed>
    <deployedseed>599713976</deployedseed>
    <deployedseed>2134611484</deployedseed>
    <qtest>
      <testcase>1</testcase>
      <testinput>
        <name>ans1</name>
        <value>diff(p,v)</value>
      </testinput>
      <expected>
        <name>Result</name>
        <expectedscore>1.0000000</expectedscore>
        <expectedpenalty>0.0000000</expectedpenalty>
        <expectedanswernote>Result-0-T</expectedanswernote>
      </expected>
    </qtest>
    <qtest>
      <testcase>2</testcase>
      <testinput>
        <name>ans1</name>
        <value>diff(pp1,v)*diff(pp2,v)</value>
      </testinput>
      <expected>
        <name>Result</name>
        <expectedscore>0.0000000</expectedscore>
        <expectedpenalty>0.1000000</expectedpenalty>
        <expectedanswernote>Result-1-T </expectedanswernote>
      </expected>
    </qtest>
    <qtest>
      <testcase>3</testcase>
      <testinput>
        <name>ans1</name>
        <value>diff(pp1,v)*pp1+pp2*diff(pp2,v)</value>
      </testinput>
      <expected>
        <name>Result</name>
        <expectedscore>0.0000000</expectedscore>
        <expectedpenalty>0.1000000</expectedpenalty>
        <expectedanswernote>Result-2-T </expectedanswernote>
      </expected>
    </qtest>
    <qtest>
      <testcase>4</testcase>
      <testinput>
        <name>ans1</name>
        <value>-diff(pp1,v)*pp2-pp1*diff(pp2,v)</value>
      </testinput>
      <expected>
        <name>Result</name>
        <expectedscore>0.0000000</expectedscore>
        <expectedpenalty>0.1000000</expectedpenalty>
        <expectedanswernote>Result-3-T </expectedanswernote>
      </expected>
    </qtest>
  </question>

<!-- question: 113  -->
  <question type="stack">
    <name>
      <text>CR-Diff-04-product-2.d</text>
    </name>
    <questiontext format="html">
      <text><![CDATA[<p>Find the following derivative: \[ \frac{d}{d@v@}[@p@]. \] [[input:ans1]] [[validation:ans1]]</p>]]></text>
    </questiontext>
    <generalfeedback format="html">
      <text><![CDATA[<p>In order to solve this problem we will have to use the product rule calc_product_rule as follows: \[\begin{array}{rcl}\displaystyle \frac{d}{d@v@}[@p@] &amp;\displaystyle =&amp;\displaystyle \left[\frac{d}{d@v@}[@pp1@]\right]\cdot @pp2@ + @pp1@\cdot \left[\frac{d}{d@v@}[@pp2@]\right] \\ &amp;\displaystyle =&amp;\displaystyle @diff(pp1,v)@\cdot @pp2@ + @pp1@\cdot [@diff(pp2,v)@] \\ &amp;\displaystyle =&amp;\displaystyle @diff(p,v)@ \end{array}\]</p>]]></text>
    </generalfeedback>
    <defaultgrade>1.0000000</defaultgrade>
    <penalty>0.1000000</penalty>
    <hidden>0</hidden>
    <questionvariables>
      <text>v:x;
rdm:1/(2+rand(5));
pp1:exp(-rdm*v);
pp2:cos(rdm*v);
p:pp1*pp2;</text>
    </questionvariables>
    <specificfeedback format="html">
      <text><![CDATA[<p>[[feedback:Result]]</p>]]></text>
    </specificfeedback>
    <questionnote>
      <text>\[\frac{d}{d@v@}(@p@) = @diff(p,v)@ \]</text>
    </questionnote>
    <questionsimplify>1</questionsimplify>
    <assumepositive>0</assumepositive>
    <prtcorrect format="html">
      <text><![CDATA[<p><span class="correct">Correct answer, well done.</span></p>]]></text>
    </prtcorrect>
    <prtpartiallycorrect format="html">
      <text><![CDATA[<p><span class="partially">Your answer is partially correct.</span></p>]]></text>
    </prtpartiallycorrect>
    <prtincorrect format="html">
      <text><![CDATA[<p><span class="incorrect">Incorrect answer.</span></p>]]></text>
    </prtincorrect>
    <multiplicationsign>dot</multiplicationsign>
    <sqrtsign>1</sqrtsign>
    <complexno>i</complexno>
    <variantsselectionseed></variantsselectionseed>
    <input>
      <name>ans1</name>
      <type>algebraic</type>
      <tans>diff(p,v)</tans>
      <boxsize>15</boxsize>
      <strictsyntax>1</strictsyntax>
      <insertstars>0</insertstars>
      <syntaxhint></syntaxhint>
      <forbidwords></forbidwords>
      <forbidfloat>1</forbidfloat>
      <requirelowestterms>1</requirelowestterms>
      <checkanswertype>1</checkanswertype>
      <mustverify>1</mustverify>
      <showvalidation>1</showvalidation>
    </input>
    <prt>
      <name>Result</name>
      <value>1.0000000</value>
      <autosimplify>1</autosimplify>
      <feedbackvariables>
        <text></text>
      </feedbackvariables>
      <node>
        <name>0</name>
        <answertest>Diff</answertest>
        <sans>ans1</sans>
        <tans>diff(p,v)</tans>
        <testoptions>v </testoptions>
        <quiet>0</quiet>
        <truescoremode>=</truescoremode>
        <truescore>1.0000000</truescore>
        <truepenalty></truepenalty>
        <truenextnode>-1</truenextnode>
        <trueanswernote>Result-0-T </trueanswernote>
        <truefeedback format="html">
          <text></text>
        </truefeedback>
        <falsescoremode>=</falsescoremode>
        <falsescore>0.0000000</falsescore>
        <falsepenalty></falsepenalty>
        <falsenextnode>1</falsenextnode>
        <falseanswernote>Result-0-F </falseanswernote>
        <falsefeedback format="html">
          <text></text>
        </falsefeedback>
      </node>
      <node>
        <name>1</name>
        <answertest>AlgEquiv</answertest>
        <sans>ans1</sans>
        <tans>diff(pp1,v)*diff(pp2,v)</tans>
        <testoptions></testoptions>
        <quiet>0</quiet>
        <truescoremode>=</truescoremode>
        <truescore>0.0000000</truescore>
        <truepenalty></truepenalty>
        <truenextnode>-1</truenextnode>
        <trueanswernote>Result-1-T </trueanswernote>
        <truefeedback format="html">
          <text><![CDATA[<p>To differentiate a product use the rule \[\frac{d}{dx}[fg] = \frac{df}{dx}g+f\frac{dg}{dx}.\] You cannot get the derivative of a product by multiplying the derivatives.</p>]]></text>
        </truefeedback>
        <falsescoremode>=</falsescoremode>
        <falsescore>0.0000000</falsescore>
        <falsepenalty></falsepenalty>
        <falsenextnode>2</falsenextnode>
        <falseanswernote>Result-1-F </falseanswernote>
        <falsefeedback format="html">
          <text></text>
        </falsefeedback>
      </node>
      <node>
        <name>2</name>
        <answertest>AlgEquiv</answertest>
        <sans>ans1</sans>
        <tans>diff(pp1,v)*pp1+pp2*diff(pp2,v)</tans>
        <testoptions></testoptions>
        <quiet>0</quiet>
        <truescoremode>=</truescoremode>
        <truescore>0.0000000</truescore>
        <truepenalty></truepenalty>
        <truenextnode>-1</truenextnode>
        <trueanswernote>Result-2-T </trueanswernote>
        <truefeedback format="html">
          <text><![CDATA[<p>You appear to have applied the product rule incorrectly. It is \[\frac{df}{dx}g+f\frac{dg}{dx},\] not \[f\frac{df}{dx}+g\frac{dg}{dx}.\]</p>]]></text>
        </truefeedback>
        <falsescoremode>=</falsescoremode>
        <falsescore>0.0000000</falsescore>
        <falsepenalty></falsepenalty>
        <falsenextnode>3</falsenextnode>
        <falseanswernote>Result-2-F </falseanswernote>
        <falsefeedback format="html">
          <text></text>
        </falsefeedback>
      </node>
      <node>
        <name>3</name>
        <answertest>AlgEquiv</answertest>
        <sans>ans1</sans>
        <tans>-diff(pp1,v)*pp2-pp1*diff(pp2,v)</tans>
        <testoptions></testoptions>
        <quiet>0</quiet>
        <truescoremode>=</truescoremode>
        <truescore>0.0000000</truescore>
        <truepenalty></truepenalty>
        <truenextnode>-1</truenextnode>
        <trueanswernote>Result-3-T </trueanswernote>
        <truefeedback format="html">
          <text><![CDATA[<p>The derivative of $\cos(mx)$ is $-m\sin(mx)$; you appear to have lost a minus sign which might suggest you have used $m\sin(mx)$ as the derivative of $\cos(mx)$.</p>]]></text>
        </truefeedback>
        <falsescoremode>=</falsescoremode>
        <falsescore>0.0000000</falsescore>
        <falsepenalty></falsepenalty>
        <falsenextnode>-1</falsenextnode>
        <falseanswernote>Result-3-F </falseanswernote>
        <falsefeedback format="html">
          <text></text>
        </falsefeedback>
      </node>
    </prt>
    <deployedseed>1218644225</deployedseed>
    <deployedseed>833876221</deployedseed>
    <deployedseed>270201321</deployedseed>
    <deployedseed>1282380497</deployedseed>
    <deployedseed>136508183</deployedseed>
    <qtest>
      <testcase>1</testcase>
      <testinput>
        <name>ans1</name>
        <value>diff(p,v)</value>
      </testinput>
      <expected>
        <name>Result</name>
        <expectedscore>1.0000000</expectedscore>
        <expectedpenalty>0.0000000</expectedpenalty>
        <expectedanswernote>Result-0-T</expectedanswernote>
      </expected>
    </qtest>
    <qtest>
      <testcase>2</testcase>
      <testinput>
        <name>ans1</name>
        <value>diff(pp1,v)*diff(pp2,v)</value>
      </testinput>
      <expected>
        <name>Result</name>
        <expectedscore>0.0000000</expectedscore>
        <expectedpenalty>0.1000000</expectedpenalty>
        <expectedanswernote>Result-1-T </expectedanswernote>
      </expected>
    </qtest>
    <qtest>
      <testcase>3</testcase>
      <testinput>
        <name>ans1</name>
        <value>diff(pp1,v)*pp1+pp2*diff(pp2,v)</value>
      </testinput>
      <expected>
        <name>Result</name>
        <expectedscore>0.0000000</expectedscore>
        <expectedpenalty>0.1000000</expectedpenalty>
        <expectedanswernote>Result-2-T </expectedanswernote>
      </expected>
    </qtest>
    <qtest>
      <testcase>4</testcase>
      <testinput>
        <name>ans1</name>
        <value>-diff(pp1,v)*pp2-pp1*diff(pp2,v)</value>
      </testinput>
      <expected>
        <name>Result</name>
        <expectedscore>0.0000000</expectedscore>
        <expectedpenalty>0.1000000</expectedpenalty>
        <expectedanswernote>Result-3-T </expectedanswernote>
      </expected>
    </qtest>
  </question>

<!-- question: 114  -->
  <question type="stack">
    <name>
      <text>CR-Diff-04-product-2.e</text>
    </name>
    <questiontext format="html">
      <text>Find the following derivative:
\[ \frac{d}{d@v@}[@p@]. \]

[[input:ans1]] [[validation:ans1]]
</text>
    </questiontext>
    <generalfeedback format="html">
      <text><![CDATA[In order to solve this problem we will have to use the product rule <hint>calc_product_rule</hint> as follows:

\[\begin{array}{rcl}\displaystyle 
  \frac{d}{d@v@}[@p@] &\displaystyle =&\displaystyle  \left[\frac{d}{d@v@}[@pp1@]\right]\cdot @pp2@ + @pp1@\cdot \left[\frac{d}{d@v@}[@pp2@]\right] \\
   &\displaystyle =&\displaystyle  @diff(pp1,v)@\cdot @pp2@ + @pp1@\cdot [@diff(pp2,v)@] \\
   &\displaystyle =&\displaystyle  @diff(p,v)@
 \end{array}\] ]]></text>
    </generalfeedback>
    <defaultgrade>1.0000000</defaultgrade>
    <penalty>0.1000000</penalty>
    <hidden>0</hidden>
    <questionvariables>
      <text>v:z;
rdm1:3+rand(6);
rdm2:3+rand(6);
pp1:exp(rdm1*v);
pp2:log(rdm2*v);
p:pp1*pp2;</text>
    </questionvariables>
    <specificfeedback format="html">
      <text><![CDATA[<p>[[feedback:Result]]</p>]]></text>
    </specificfeedback>
    <questionnote>
      <text>\[\frac{d}{d@v@}(@p@) = @diff(p,v)@ \]</text>
    </questionnote>
    <questionsimplify>1</questionsimplify>
    <assumepositive>0</assumepositive>
    <prtcorrect format="html">
      <text><![CDATA[<span class='correct'>Correct answer, well done.</span>]]></text>
    </prtcorrect>
    <prtpartiallycorrect format="html">
      <text><![CDATA[<span class='partially'>Your answer is partially correct.</span>]]></text>
    </prtpartiallycorrect>
    <prtincorrect format="html">
      <text><![CDATA[<span class='incorrect'>Incorrect answer.</span>]]></text>
    </prtincorrect>
    <multiplicationsign>dot</multiplicationsign>
    <sqrtsign>1</sqrtsign>
    <complexno>i</complexno>
    <variantsselectionseed></variantsselectionseed>
    <input>
      <name>ans1</name>
      <type>algebraic</type>
      <tans>diff(p,v)</tans>
      <boxsize>15</boxsize>
      <strictsyntax>1</strictsyntax>
      <insertstars>0</insertstars>
      <syntaxhint></syntaxhint>
      <forbidwords></forbidwords>
      <forbidfloat>1</forbidfloat>
      <requirelowestterms>1</requirelowestterms>
      <checkanswertype>1</checkanswertype>
      <mustverify>1</mustverify>
      <showvalidation>1</showvalidation>
    </input>
    <prt>
      <name>Result</name>
      <value>1.0000000</value>
      <autosimplify>1</autosimplify>
      <feedbackvariables>
        <text></text>
      </feedbackvariables>
      <node>
        <name>0</name>
        <answertest>Diff</answertest>
        <sans>ans1</sans>
        <tans>diff(p,v)</tans>
        <testoptions>v</testoptions>
        <quiet>0</quiet>
        <truescoremode>=</truescoremode>
        <truescore>1.0000000</truescore>
        <truepenalty></truepenalty>
        <truenextnode>-1</truenextnode>
        <trueanswernote>Result-0-T </trueanswernote>
        <truefeedback format="html">
          <text></text>
        </truefeedback>
        <falsescoremode>=</falsescoremode>
        <falsescore>0.0000000</falsescore>
        <falsepenalty></falsepenalty>
        <falsenextnode>1</falsenextnode>
        <falseanswernote>Result-0-F </falseanswernote>
        <falsefeedback format="html">
          <text></text>
        </falsefeedback>
      </node>
      <node>
        <name>1</name>
        <answertest>AlgEquiv</answertest>
        <sans>ans1</sans>
        <tans>diff(pp1,v)*diff(pp2,v)</tans>
        <testoptions></testoptions>
        <quiet>0</quiet>
        <truescoremode>=</truescoremode>
        <truescore>0.0000000</truescore>
        <truepenalty></truepenalty>
        <truenextnode>-1</truenextnode>
        <trueanswernote>Result-1-T </trueanswernote>
        <truefeedback format="html">
          <text>To differentiate a product use the rule \[\frac{d}{dx}[fg] = \frac{df}{dx}g+f\frac{dg}{dx}.\] You cannot get the derivative of a product by multiplying the derivatives.</text>
        </truefeedback>
        <falsescoremode>=</falsescoremode>
        <falsescore>0.0000000</falsescore>
        <falsepenalty></falsepenalty>
        <falsenextnode>2</falsenextnode>
        <falseanswernote>Result-1-F </falseanswernote>
        <falsefeedback format="html">
          <text></text>
        </falsefeedback>
      </node>
      <node>
        <name>2</name>
        <answertest>AlgEquiv</answertest>
        <sans>ans1</sans>
        <tans>diff(pp1,v)*pp1+pp2*diff(pp2,v)</tans>
        <testoptions></testoptions>
        <quiet>0</quiet>
        <truescoremode>=</truescoremode>
        <truescore>0.0000000</truescore>
        <truepenalty></truepenalty>
        <truenextnode>-1</truenextnode>
        <trueanswernote>Result-2-T </trueanswernote>
        <truefeedback format="html">
          <text>You appear to have applied the product rule incorrectly. It is \[\frac{df}{dx}g+f\frac{dg}{dx},\] not \[f\frac{df}{dx}+g\frac{dg}{dx}.\]</text>
        </truefeedback>
        <falsescoremode>=</falsescoremode>
        <falsescore>0.0000000</falsescore>
        <falsepenalty></falsepenalty>
        <falsenextnode>-1</falsenextnode>
        <falseanswernote>Result-2-F </falseanswernote>
        <falsefeedback format="html">
          <text></text>
        </falsefeedback>
      </node>
    </prt>
    <deployedseed>458594602</deployedseed>
    <deployedseed>148240874</deployedseed>
    <deployedseed>602488308</deployedseed>
    <deployedseed>1928824360</deployedseed>
    <deployedseed>453172362</deployedseed>
    <deployedseed>389015259</deployedseed>
    <deployedseed>1327767478</deployedseed>
    <qtest>
      <testcase>1</testcase>
      <testinput>
        <name>ans1</name>
        <value>diff(p,v)</value>
      </testinput>
      <expected>
        <name>Result</name>
        <expectedscore>1.0000000</expectedscore>
        <expectedpenalty>0.0000000</expectedpenalty>
        <expectedanswernote>Result-0-T</expectedanswernote>
      </expected>
    </qtest>
    <qtest>
      <testcase>2</testcase>
      <testinput>
        <name>ans1</name>
        <value>diff(pp1,v)*diff(pp2,v)</value>
      </testinput>
      <expected>
        <name>Result</name>
        <expectedscore>0.0000000</expectedscore>
        <expectedpenalty>0.1000000</expectedpenalty>
        <expectedanswernote>Result-1-T </expectedanswernote>
      </expected>
    </qtest>
    <qtest>
      <testcase>3</testcase>
      <testinput>
        <name>ans1</name>
        <value>diff(pp1,v)*pp1+pp2*diff(pp2,v)</value>
      </testinput>
      <expected>
        <name>Result</name>
        <expectedscore>0.0000000</expectedscore>
        <expectedpenalty>0.1000000</expectedpenalty>
        <expectedanswernote>Result-2-T </expectedanswernote>
      </expected>
    </qtest>
  </question>

<!-- question: 115  -->
  <question type="stack">
    <name>
      <text>CR-Diff-04-product-2.f</text>
    </name>
    <questiontext format="html">
      <text><![CDATA[<p>Find the following derivative: \[ \frac{d}{d@v@}[@p@]. \] [[input:ans1]] [[validation:ans1]]</p>]]></text>
    </questiontext>
    <generalfeedback format="html">
      <text><![CDATA[<p>In order to solve this problem we will have to use the product rule calc_product_rule as follows: \[\begin{array}{rcl}\displaystyle \frac{d}{d@v@}[@p@] &amp;\displaystyle =&amp;\displaystyle \left[\frac{d}{d@v@}[@pp1@]\right]\cdot @pp2@ + @pp1@\cdot \left[\frac{d}{d@v@}[@pp2@]\right] \\ &amp;\displaystyle =&amp;\displaystyle @diff(pp1,v)@\cdot @pp2@ + @pp1@\cdot [@diff(pp2,v)@] \\ &amp;\displaystyle =&amp;\displaystyle @diff(p,v)@ \end{array}\]</p>]]></text>
    </generalfeedback>
    <defaultgrade>1.0000000</defaultgrade>
    <penalty>0.1000000</penalty>
    <hidden>0</hidden>
    <questionvariables>
      <text>v:z;
rdm:2+rand(5);
pp1:cos(v);
pp2:cos(rdm*v);
p:pp1*pp2;</text>
    </questionvariables>
    <specificfeedback format="html">
      <text><![CDATA[<p>[[feedback:Result]]</p>]]></text>
    </specificfeedback>
    <questionnote>
      <text>\[\frac{d}{d@v@}(@p@) = @diff(p,v)@ \]</text>
    </questionnote>
    <questionsimplify>1</questionsimplify>
    <assumepositive>0</assumepositive>
    <prtcorrect format="html">
      <text><![CDATA[<p><span class="correct">Correct answer, well done.</span></p>]]></text>
    </prtcorrect>
    <prtpartiallycorrect format="html">
      <text><![CDATA[<p><span class="partially">Your answer is partially correct.</span></p>]]></text>
    </prtpartiallycorrect>
    <prtincorrect format="html">
      <text><![CDATA[<p><span class="incorrect">Incorrect answer.</span></p>]]></text>
    </prtincorrect>
    <multiplicationsign>dot</multiplicationsign>
    <sqrtsign>1</sqrtsign>
    <complexno>i</complexno>
    <variantsselectionseed></variantsselectionseed>
    <input>
      <name>ans1</name>
      <type>algebraic</type>
      <tans>diff(p,v)</tans>
      <boxsize>15</boxsize>
      <strictsyntax>1</strictsyntax>
      <insertstars>0</insertstars>
      <syntaxhint></syntaxhint>
      <forbidwords></forbidwords>
      <forbidfloat>1</forbidfloat>
      <requirelowestterms>1</requirelowestterms>
      <checkanswertype>1</checkanswertype>
      <mustverify>1</mustverify>
      <showvalidation>1</showvalidation>
    </input>
    <prt>
      <name>Result</name>
      <value>1.0000000</value>
      <autosimplify>1</autosimplify>
      <feedbackvariables>
        <text></text>
      </feedbackvariables>
      <node>
        <name>0</name>
        <answertest>AlgEquiv</answertest>
        <sans>ans1</sans>
        <tans>diff(p,v)</tans>
        <testoptions></testoptions>
        <quiet>0</quiet>
        <truescoremode>=</truescoremode>
        <truescore>1.0000000</truescore>
        <truepenalty></truepenalty>
        <truenextnode>-1</truenextnode>
        <trueanswernote>Result-0-T </trueanswernote>
        <truefeedback format="html">
          <text></text>
        </truefeedback>
        <falsescoremode>=</falsescoremode>
        <falsescore>0.0000000</falsescore>
        <falsepenalty></falsepenalty>
        <falsenextnode>1</falsenextnode>
        <falseanswernote>Result-0-F </falseanswernote>
        <falsefeedback format="html">
          <text></text>
        </falsefeedback>
      </node>
      <node>
        <name>1</name>
        <answertest>AlgEquiv</answertest>
        <sans>ans1</sans>
        <tans>diff(pp1,v)*diff(pp2,v)</tans>
        <testoptions></testoptions>
        <quiet>0</quiet>
        <truescoremode>=</truescoremode>
        <truescore>0.0000000</truescore>
        <truepenalty></truepenalty>
        <truenextnode>-1</truenextnode>
        <trueanswernote>Result-1-T </trueanswernote>
        <truefeedback format="html">
          <text><![CDATA[<p>To differentiate a product use the rule \[\frac{d}{dx}[fg] = \frac{df}{dx}g+f\frac{dg}{dx}.\] You cannot get the derivative of a product by multiplying the derivatives.</p>]]></text>
        </truefeedback>
        <falsescoremode>=</falsescoremode>
        <falsescore>0.0000000</falsescore>
        <falsepenalty></falsepenalty>
        <falsenextnode>2</falsenextnode>
        <falseanswernote>Result-1-F </falseanswernote>
        <falsefeedback format="html">
          <text></text>
        </falsefeedback>
      </node>
      <node>
        <name>2</name>
        <answertest>AlgEquiv</answertest>
        <sans>ans1</sans>
        <tans>diff(pp1,v)*pp1+pp2*diff(pp2,v)</tans>
        <testoptions></testoptions>
        <quiet>0</quiet>
        <truescoremode>=</truescoremode>
        <truescore>0.0000000</truescore>
        <truepenalty></truepenalty>
        <truenextnode>-1</truenextnode>
        <trueanswernote>Result-2-T </trueanswernote>
        <truefeedback format="html">
          <text><![CDATA[<p>You appear to have applied the product rule incorrectly. It is \[\frac{df}{dx}g+f\frac{dg}{dx},\] not \[f\frac{df}{dx}+g\frac{dg}{dx}.\]</p>]]></text>
        </truefeedback>
        <falsescoremode>=</falsescoremode>
        <falsescore>0.0000000</falsescore>
        <falsepenalty></falsepenalty>
        <falsenextnode>3</falsenextnode>
        <falseanswernote>Result-2-F </falseanswernote>
        <falsefeedback format="html">
          <text></text>
        </falsefeedback>
      </node>
      <node>
        <name>3</name>
        <answertest>AlgEquiv</answertest>
        <sans>ans1</sans>
        <tans>-diff(pp1,v)*pp2-pp1*diff(pp2,v)</tans>
        <testoptions></testoptions>
        <quiet>0</quiet>
        <truescoremode>=</truescoremode>
        <truescore>0.0000000</truescore>
        <truepenalty></truepenalty>
        <truenextnode>-1</truenextnode>
        <trueanswernote>Result-3-T </trueanswernote>
        <truefeedback format="html">
          <text><![CDATA[<p>The derivative of $\cos(mx)$ is $-m\sin(mx)$; you appear to have lost a minus sign which might suggest you have used $m\sin(mx)$ as the derivative of $\cos(mx)$.</p>]]></text>
        </truefeedback>
        <falsescoremode>=</falsescoremode>
        <falsescore>0.0000000</falsescore>
        <falsepenalty></falsepenalty>
        <falsenextnode>-1</falsenextnode>
        <falseanswernote>Result-3-F </falseanswernote>
        <falsefeedback format="html">
          <text></text>
        </falsefeedback>
      </node>
    </prt>
    <deployedseed>1638862772</deployedseed>
    <deployedseed>1503692480</deployedseed>
    <deployedseed>147627157</deployedseed>
    <deployedseed>193615329</deployedseed>
    <qtest>
      <testcase>1</testcase>
      <testinput>
        <name>ans1</name>
        <value>diff(p,v)</value>
      </testinput>
      <expected>
        <name>Result</name>
        <expectedscore>1.0000000</expectedscore>
        <expectedpenalty>0.0000000</expectedpenalty>
        <expectedanswernote>Result-0-T</expectedanswernote>
      </expected>
    </qtest>
    <qtest>
      <testcase>2</testcase>
      <testinput>
        <name>ans1</name>
        <value>diff(pp1,v)*diff(pp2,v)</value>
      </testinput>
      <expected>
        <name>Result</name>
        <expectedscore>0.0000000</expectedscore>
        <expectedpenalty>0.1000000</expectedpenalty>
        <expectedanswernote>Result-1-T </expectedanswernote>
      </expected>
    </qtest>
    <qtest>
      <testcase>3</testcase>
      <testinput>
        <name>ans1</name>
        <value>diff(pp1,v)*pp1+pp2*diff(pp2,v)</value>
      </testinput>
      <expected>
        <name>Result</name>
        <expectedscore>0.0000000</expectedscore>
        <expectedpenalty>0.1000000</expectedpenalty>
        <expectedanswernote>Result-2-T </expectedanswernote>
      </expected>
    </qtest>
    <qtest>
      <testcase>4</testcase>
      <testinput>
        <name>ans1</name>
        <value>-diff(pp1,v)*pp2-pp1*diff(pp2,v)</value>
      </testinput>
      <expected>
        <name>Result</name>
        <expectedscore>0.0000000</expectedscore>
        <expectedpenalty>0.1000000</expectedpenalty>
        <expectedanswernote>Result-3-T </expectedanswernote>
      </expected>
    </qtest>
  </question>

<!-- question: 116  -->
  <question type="stack">
    <name>
      <text>CR-Diff-04-product-2.g</text>
    </name>
    <questiontext format="html">
      <text>Find the following derivative:
\[ \frac{d}{d@v@}[@p@]. \]

[[input:ans1]] [[validation:ans1]]
</text>
    </questiontext>
    <generalfeedback format="html">
      <text><![CDATA[In order to solve this problem we will have to use the product rule <hint>calc_product_rule</hint> as follows:

\[\begin{array}{rcl}\displaystyle 
  \frac{d}{d@v@}[@p@] &\displaystyle =&\displaystyle  \left[\frac{d}{d@v@}[@pp1@]\right]\cdot @pp2@ + @pp1@\cdot \left[\frac{d}{d@v@}[@pp2@]\right] \\
   &\displaystyle =&\displaystyle  @diff(pp1,v)@\cdot @pp2@ + @pp1@\cdot [@diff(pp2,v)@] \\
   &\displaystyle =&\displaystyle  @diff(p,v)@
 \end{array}\] ]]></text>
    </generalfeedback>
    <defaultgrade>1.0000000</defaultgrade>
    <penalty>0.1000000</penalty>
    <hidden>0</hidden>
    <questionvariables>
      <text>v:z;
rdm1:1+2*rand(3);
rdm2:2+2*rand(3);
pp1:log(rdm1*v);
pp2:log(rdm2*v);
p:pp1*pp2;</text>
    </questionvariables>
    <specificfeedback format="html">
      <text><![CDATA[<p>[[feedback:Result]]</p>]]></text>
    </specificfeedback>
    <questionnote>
      <text>\[\frac{d}{d@v@}(@p@) = @diff(p,v)@ \]</text>
    </questionnote>
    <questionsimplify>1</questionsimplify>
    <assumepositive>0</assumepositive>
    <prtcorrect format="html">
      <text><![CDATA[<span class='correct'>Correct answer, well done.</span>]]></text>
    </prtcorrect>
    <prtpartiallycorrect format="html">
      <text><![CDATA[<span class='partially'>Your answer is partially correct.</span>]]></text>
    </prtpartiallycorrect>
    <prtincorrect format="html">
      <text><![CDATA[<span class='incorrect'>Incorrect answer.</span>]]></text>
    </prtincorrect>
    <multiplicationsign>dot</multiplicationsign>
    <sqrtsign>1</sqrtsign>
    <complexno>i</complexno>
    <variantsselectionseed></variantsselectionseed>
    <input>
      <name>ans1</name>
      <type>algebraic</type>
      <tans>diff(p,v)</tans>
      <boxsize>15</boxsize>
      <strictsyntax>1</strictsyntax>
      <insertstars>0</insertstars>
      <syntaxhint></syntaxhint>
      <forbidwords></forbidwords>
      <forbidfloat>1</forbidfloat>
      <requirelowestterms>1</requirelowestterms>
      <checkanswertype>1</checkanswertype>
      <mustverify>1</mustverify>
      <showvalidation>1</showvalidation>
    </input>
    <prt>
      <name>Result</name>
      <value>1.0000000</value>
      <autosimplify>1</autosimplify>
      <feedbackvariables>
        <text></text>
      </feedbackvariables>
      <node>
        <name>0</name>
        <answertest>Diff</answertest>
        <sans>ans1</sans>
        <tans>diff(p,v)</tans>
        <testoptions>v</testoptions>
        <quiet>0</quiet>
        <truescoremode>=</truescoremode>
        <truescore>1.0000000</truescore>
        <truepenalty></truepenalty>
        <truenextnode>-1</truenextnode>
        <trueanswernote>Result-0-T </trueanswernote>
        <truefeedback format="html">
          <text></text>
        </truefeedback>
        <falsescoremode>=</falsescoremode>
        <falsescore>0.0000000</falsescore>
        <falsepenalty></falsepenalty>
        <falsenextnode>1</falsenextnode>
        <falseanswernote>Result-0-F </falseanswernote>
        <falsefeedback format="html">
          <text></text>
        </falsefeedback>
      </node>
      <node>
        <name>1</name>
        <answertest>AlgEquiv</answertest>
        <sans>ans1</sans>
        <tans>diff(pp1,v)*diff(pp2,v)</tans>
        <testoptions></testoptions>
        <quiet>0</quiet>
        <truescoremode>=</truescoremode>
        <truescore>0.0000000</truescore>
        <truepenalty></truepenalty>
        <truenextnode>-1</truenextnode>
        <trueanswernote>Result-1-T </trueanswernote>
        <truefeedback format="html">
          <text>To differentiate a product use the rule \[\frac{d}{dx}[fg] = \frac{df}{dx}g+f\frac{dg}{dx}.\] You cannot get the derivative of a product by multiplying the derivatives.</text>
        </truefeedback>
        <falsescoremode>=</falsescoremode>
        <falsescore>0.0000000</falsescore>
        <falsepenalty></falsepenalty>
        <falsenextnode>2</falsenextnode>
        <falseanswernote>Result-1-F </falseanswernote>
        <falsefeedback format="html">
          <text></text>
        </falsefeedback>
      </node>
      <node>
        <name>2</name>
        <answertest>AlgEquiv</answertest>
        <sans>ans1</sans>
        <tans>diff(pp1,v)*pp1+pp2*diff(pp2,v)</tans>
        <testoptions></testoptions>
        <quiet>0</quiet>
        <truescoremode>=</truescoremode>
        <truescore>0.0000000</truescore>
        <truepenalty></truepenalty>
        <truenextnode>-1</truenextnode>
        <trueanswernote>Result-2-T </trueanswernote>
        <truefeedback format="html">
          <text>You appear to have applied the product rule incorrectly. It is \[\frac{df}{dx}g+f\frac{dg}{dx},\] not \[f\frac{df}{dx}+g\frac{dg}{dx}.\]</text>
        </truefeedback>
        <falsescoremode>=</falsescoremode>
        <falsescore>0.0000000</falsescore>
        <falsepenalty></falsepenalty>
        <falsenextnode>-1</falsenextnode>
        <falseanswernote>Result-2-F </falseanswernote>
        <falsefeedback format="html">
          <text></text>
        </falsefeedback>
      </node>
    </prt>
    <deployedseed>1161833571</deployedseed>
    <deployedseed>585788914</deployedseed>
    <deployedseed>193837329</deployedseed>
    <deployedseed>1037549135</deployedseed>
    <deployedseed>839635689</deployedseed>
    <deployedseed>554160990</deployedseed>
    <qtest>
      <testcase>1</testcase>
      <testinput>
        <name>ans1</name>
        <value>diff(p,v)</value>
      </testinput>
      <expected>
        <name>Result</name>
        <expectedscore>1.0000000</expectedscore>
        <expectedpenalty>0.0000000</expectedpenalty>
        <expectedanswernote>Result-0-T</expectedanswernote>
      </expected>
    </qtest>
    <qtest>
      <testcase>2</testcase>
      <testinput>
        <name>ans1</name>
        <value>diff(pp1,v)*diff(pp2,v)</value>
      </testinput>
      <expected>
        <name>Result</name>
        <expectedscore>0.0000000</expectedscore>
        <expectedpenalty>0.1000000</expectedpenalty>
        <expectedanswernote>Result-1-T </expectedanswernote>
      </expected>
    </qtest>
  </question>

</quiz>