<?xml version="1.0" encoding="UTF-8"?>
<quiz>
<!-- question: 105  -->
  <question type="stack">
    <name>
      <text>Odd and even functions</text>
    </name>
    <questiontext format="html">
      <text><![CDATA[<p>1. Give an example of an odd function by typing an expression which represents it. $f_1(x)=$ [[input:ans1]]. [[validation:ans1]] [[feedback:odd]]</p>
<p>2. Give an example of an even function. $f_2(x)=$ [[input:ans2]]. [[validation:ans2]] [[feedback:even]]</p>
<p>3. Give an example of a function which is odd and even. $f_3(x)=$ [[input:ans3]]. [[validation:ans3]] [[feedback:oddeven]]</p>
<p>4. Is the answer to 3. unique? [[input:ans4]] (Or are there many different possibilities.) [[validation:ans4]] [[feedback:unique]]</p>]]></text>
    </questiontext>
    <generalfeedback format="html">
      <text></text>
    </generalfeedback>
    <defaultgrade>1.0000000</defaultgrade>
    <penalty>0.3333333</penalty>
    <hidden>0</hidden>
    <questionvariables>
      <text></text>
    </questionvariables>
    <specificfeedback format="html">
      <text></text>
    </specificfeedback>
    <questionnote>
      <text></text>
    </questionnote>
    <questionsimplify>1</questionsimplify>
    <assumepositive>0</assumepositive>
    <prtcorrect format="html">
      <text><![CDATA[<p><span class="correct">Correct answer, well done.</span></p>]]></text>
    </prtcorrect>
    <prtpartiallycorrect format="html">
      <text><![CDATA[<p><span class="incorrect">Your answer is partially correct.</span></p>]]></text>
    </prtpartiallycorrect>
    <prtincorrect format="html">
      <text><![CDATA[<p><span class="partially">Incorrect answer.</span></p>]]></text>
    </prtincorrect>
    <multiplicationsign>dot</multiplicationsign>
    <sqrtsign>1</sqrtsign>
    <complexno>i</complexno>
    <variantsselectionseed></variantsselectionseed>
    <input>
      <name>ans1</name>
      <type>algebraic</type>
      <tans>x^3</tans>
      <boxsize>15</boxsize>
      <strictsyntax>1</strictsyntax>
      <insertstars>0</insertstars>
      <syntaxhint></syntaxhint>
      <forbidwords></forbidwords>
      <forbidfloat>1</forbidfloat>
      <requirelowestterms>1</requirelowestterms>
      <checkanswertype>1</checkanswertype>
      <mustverify>1</mustverify>
      <showvalidation>1</showvalidation>
    </input>
    <input>
      <name>ans2</name>
      <type>algebraic</type>
      <tans>x^4</tans>
      <boxsize>15</boxsize>
      <strictsyntax>1</strictsyntax>
      <insertstars>0</insertstars>
      <syntaxhint></syntaxhint>
      <forbidwords></forbidwords>
      <forbidfloat>1</forbidfloat>
      <requirelowestterms>1</requirelowestterms>
      <checkanswertype>1</checkanswertype>
      <mustverify>1</mustverify>
      <showvalidation>1</showvalidation>
    </input>
    <input>
      <name>ans3</name>
      <type>algebraic</type>
      <tans>0</tans>
      <boxsize>15</boxsize>
      <strictsyntax>1</strictsyntax>
      <insertstars>0</insertstars>
      <syntaxhint></syntaxhint>
      <forbidwords></forbidwords>
      <forbidfloat>1</forbidfloat>
      <requirelowestterms>1</requirelowestterms>
      <checkanswertype>1</checkanswertype>
      <mustverify>1</mustverify>
      <showvalidation>1</showvalidation>
    </input>
    <input>
      <name>ans4</name>
      <type>boolean</type>
      <tans>true</tans>
      <boxsize>15</boxsize>
      <strictsyntax>1</strictsyntax>
      <insertstars>0</insertstars>
      <syntaxhint></syntaxhint>
      <forbidwords></forbidwords>
      <forbidfloat>1</forbidfloat>
      <requirelowestterms>1</requirelowestterms>
      <checkanswertype>1</checkanswertype>
      <mustverify>1</mustverify>
      <showvalidation>1</showvalidation>
    </input>
    <prt>
      <name>even</name>
      <value>1.0000000</value>
      <autosimplify>1</autosimplify>
      <feedbackvariables>
        <text>sa:ans2-subst(x=-x,ans2);</text>
      </feedbackvariables>
      <node>
        <name>0</name>
        <answertest>AlgEquiv</answertest>
        <sans>sa</sans>
        <tans>0</tans>
        <testoptions></testoptions>
        <quiet>0</quiet>
        <truescoremode>=</truescoremode>
        <truescore>1.0000000</truescore>
        <truepenalty></truepenalty>
        <truenextnode>-1</truenextnode>
        <trueanswernote>even-0-T </trueanswernote>
        <truefeedback format="html">
          <text></text>
        </truefeedback>
        <falsescoremode>=</falsescoremode>
        <falsescore>0.0000000</falsescore>
        <falsepenalty></falsepenalty>
        <falsenextnode>-1</falsenextnode>
        <falseanswernote>even-0-F </falseanswernote>
        <falsefeedback format="html">
          <text><![CDATA[<p>Your answer is not an even function. Look, \[ f(x)-f(-x)=@sa@ \neq 0.\]</p>]]></text>
        </falsefeedback>
      </node>
    </prt>
    <prt>
      <name>odd</name>
      <value>1.0000000</value>
      <autosimplify>1</autosimplify>
      <feedbackvariables>
        <text>sa:subst(x=-x,ans1)+ans1;</text>
      </feedbackvariables>
      <node>
        <name>0</name>
        <answertest>AlgEquiv</answertest>
        <sans>sa</sans>
        <tans>0</tans>
        <testoptions></testoptions>
        <quiet>0</quiet>
        <truescoremode>=</truescoremode>
        <truescore>1.0000000</truescore>
        <truepenalty></truepenalty>
        <truenextnode>-1</truenextnode>
        <trueanswernote>odd-0-T </trueanswernote>
        <truefeedback format="html">
          <text></text>
        </truefeedback>
        <falsescoremode>=</falsescoremode>
        <falsescore>0.0000000</falsescore>
        <falsepenalty></falsepenalty>
        <falsenextnode>-1</falsenextnode>
        <falseanswernote>odd-0-F </falseanswernote>
        <falsefeedback format="html">
          <text><![CDATA[<p>Your answer is not an odd function. Look, \[ f(x)+f(-x)=@sa@ \neq 0.\]</p>]]></text>
        </falsefeedback>
      </node>
    </prt>
    <prt>
      <name>oddeven</name>
      <value>2.0000000</value>
      <autosimplify>1</autosimplify>
      <feedbackvariables>
        <text>sa1:subst(x=-x,ans3)+ans3;
sa2:ans3-subst(x=-x,ans3);</text>
      </feedbackvariables>
      <node>
        <name>0</name>
        <answertest>AlgEquiv</answertest>
        <sans>sa1</sans>
        <tans>0</tans>
        <testoptions></testoptions>
        <quiet>0</quiet>
        <truescoremode>=</truescoremode>
        <truescore>0.5000000</truescore>
        <truepenalty></truepenalty>
        <truenextnode>1</truenextnode>
        <trueanswernote>ODD</trueanswernote>
        <truefeedback format="html">
          <text></text>
        </truefeedback>
        <falsescoremode>=</falsescoremode>
        <falsescore>0.0000000</falsescore>
        <falsepenalty></falsepenalty>
        <falsenextnode>1</falsenextnode>
        <falseanswernote>oddeven-0-F </falseanswernote>
        <falsefeedback format="html">
          <text><![CDATA[<p>Your answer is not an odd function. Look, \[ f(x)+f(-x)=@sa1@ \neq 0.\]</p>]]></text>
        </falsefeedback>
      </node>
      <node>
        <name>1</name>
        <answertest>AlgEquiv</answertest>
        <sans>sa2</sans>
        <tans>0</tans>
        <testoptions></testoptions>
        <quiet>0</quiet>
        <truescoremode>+</truescoremode>
        <truescore>0.5000000</truescore>
        <truepenalty></truepenalty>
        <truenextnode>-1</truenextnode>
        <trueanswernote>EVEN</trueanswernote>
        <truefeedback format="html">
          <text></text>
        </truefeedback>
        <falsescoremode>+</falsescoremode>
        <falsescore>0.0000000</falsescore>
        <falsepenalty></falsepenalty>
        <falsenextnode>-1</falsenextnode>
        <falseanswernote>oddeven-1-F </falseanswernote>
        <falsefeedback format="html">
          <text><![CDATA[<p>Your answer is not an even function. Look, \[ f(x)-f(-x)=@sa2@ \neq 0.\]</p>]]></text>
        </falsefeedback>
      </node>
    </prt>
    <prt>
      <name>unique</name>
      <value>1.0000000</value>
      <autosimplify>1</autosimplify>
      <feedbackvariables>
        <text></text>
      </feedbackvariables>
      <node>
        <name>0</name>
        <answertest>AlgEquiv</answertest>
        <sans>ans4</sans>
        <tans>true</tans>
        <testoptions></testoptions>
        <quiet>0</quiet>
        <truescoremode>=</truescoremode>
        <truescore>1.0000000</truescore>
        <truepenalty></truepenalty>
        <truenextnode>-1</truenextnode>
        <trueanswernote>unique-0-T </trueanswernote>
        <truefeedback format="html">
          <text></text>
        </truefeedback>
        <falsescoremode>=</falsescoremode>
        <falsescore>0.0000000</falsescore>
        <falsepenalty></falsepenalty>
        <falsenextnode>-1</falsenextnode>
        <falseanswernote>unique-0-F </falseanswernote>
        <falsefeedback format="html">
          <text></text>
        </falsefeedback>
      </node>
    </prt>
    <qtest>
      <testcase>1</testcase>
      <testinput>
        <name>ans1</name>
        <value>x^3</value>
      </testinput>
      <testinput>
        <name>ans2</name>
        <value>cos(x)</value>
      </testinput>
      <testinput>
        <name>ans3</name>
        <value>0</value>
      </testinput>
      <testinput>
        <name>ans4</name>
        <value>true</value>
      </testinput>
      <expected>
        <name>even</name>
        <expectedscore>1.0000000</expectedscore>
        <expectedpenalty>0.0000000</expectedpenalty>
        <expectedanswernote>even-0-T</expectedanswernote>
      </expected>
      <expected>
        <name>odd</name>
        <expectedscore>1.0000000</expectedscore>
        <expectedpenalty>0.0000000</expectedpenalty>
        <expectedanswernote>odd-0-T</expectedanswernote>
      </expected>
      <expected>
        <name>oddeven</name>
        <expectedscore>1.0000000</expectedscore>
        <expectedpenalty>0.0000000</expectedpenalty>
        <expectedanswernote>EVEN</expectedanswernote>
      </expected>
      <expected>
        <name>unique</name>
        <expectedscore>1.0000000</expectedscore>
        <expectedpenalty>0.0000000</expectedpenalty>
        <expectedanswernote>unique-0-T</expectedanswernote>
      </expected>
    </qtest>
    <qtest>
      <testcase>2</testcase>
      <testinput>
        <name>ans1</name>
        <value>x^2</value>
      </testinput>
      <testinput>
        <name>ans2</name>
        <value>x^3</value>
      </testinput>
      <testinput>
        <name>ans3</name>
        <value>x^3</value>
      </testinput>
      <testinput>
        <name>ans4</name>
        <value>false</value>
      </testinput>
      <expected>
        <name>even</name>
        <expectedscore>0.0000000</expectedscore>
        <expectedpenalty>0.3333333</expectedpenalty>
        <expectedanswernote>even-0-F</expectedanswernote>
      </expected>
      <expected>
        <name>odd</name>
        <expectedscore>0.0000000</expectedscore>
        <expectedpenalty>0.3333333</expectedpenalty>
        <expectedanswernote>odd-0-F</expectedanswernote>
      </expected>
      <expected>
        <name>oddeven</name>
        <expectedscore>0.5000000</expectedscore>
        <expectedpenalty>0.3333333</expectedpenalty>
        <expectedanswernote>oddeven-1-F</expectedanswernote>
      </expected>
      <expected>
        <name>unique</name>
        <expectedscore>0.0000000</expectedscore>
        <expectedpenalty>0.3333333</expectedpenalty>
        <expectedanswernote>unique-0-F</expectedanswernote>
      </expected>
    </qtest>
  </question>

</quiz>
