<?xml version="1.0" encoding="UTF-8"?>
<quiz>
<!-- question: 156  -->
  <question type="stack">
    <name>
      <text>ODE_2nd_order_linear_1</text>
    </name>
    <questiontext format="html">
      <text><![CDATA[<p>Find the general solution to \[ @q@ =0 \] [[input:ans1]] [[validation:ans1]]</p>]]></text>
    </questiontext>
    <generalfeedback format="html">
      <text></text>
    </generalfeedback>
    <defaultgrade>1.0000000</defaultgrade>
    <penalty>0.1000000</penalty>
    <hidden>0</hidden>
    <questionvariables>
      <text>l1:1+(-1)^rand(1)*rand(6);
l2:l1+(-1)^rand(1)*(1+rand(4));
c1:-1*(l1+l2);
c2:l1*l2;
q:'diff(y(t),t,2)+c1*'diff(y(t),t)+c2*y(t);
ta:A*%e^(l1*t)+B*%e^(l2*t);</text>
    </questionvariables>
    <specificfeedback format="html">
      <text><![CDATA[<p>[[feedback:Result]]</p>]]></text>
    </specificfeedback>
    <questionnote>
      <text>@ta@</text>
    </questionnote>
    <questionsimplify>1</questionsimplify>
    <assumepositive>0</assumepositive>
    <prtcorrect format="html">
      <text><![CDATA[<p><span class="correct">Correct answer, well done.</span></p>]]></text>
    </prtcorrect>
    <prtpartiallycorrect format="html">
      <text><![CDATA[<p><span class="partially">Your answer is partially correct.</span></p>]]></text>
    </prtpartiallycorrect>
    <prtincorrect format="html">
      <text><![CDATA[<p><span class="'incorrect">Incorrect answer.</span></p>]]></text>
    </prtincorrect>
    <multiplicationsign>dot</multiplicationsign>
    <sqrtsign>1</sqrtsign>
    <complexno>i</complexno>
    <variantsselectionseed></variantsselectionseed>
    <input>
      <name>ans1</name>
      <type>algebraic</type>
      <tans>ta</tans>
      <boxsize>15</boxsize>
      <strictsyntax>1</strictsyntax>
      <insertstars>0</insertstars>
      <syntaxhint></syntaxhint>
      <forbidwords></forbidwords>
      <forbidfloat>1</forbidfloat>
      <requirelowestterms>1</requirelowestterms>
      <checkanswertype>1</checkanswertype>
      <mustverify>1</mustverify>
      <showvalidation>1</showvalidation>
    </input>
    <prt>
      <name>Result</name>
      <value>1.0000000</value>
      <autosimplify>1</autosimplify>
      <feedbackvariables>
        <text>p:ev(q,y(t)=ans1,nouns,fullratsimp);
l:setify(listofvars(ans1));
l:setdifference(l,set(t));
l:listify(l);
lv:length(l);
b1:ev(ans1,t=0,fullratsimp);
b2:ev(ans1,t=1,fullratsimp);
m:if not(b2=0) then fullratsimp(b1/b2) else 0;
m:float(m);</text>
      </feedbackvariables>
      <node>
        <name>0</name>
        <answertest>AlgEquiv</answertest>
        <sans>p</sans>
        <tans>0</tans>
        <testoptions></testoptions>
        <quiet>0</quiet>
        <truescoremode>=</truescoremode>
        <truescore>1.0000000</truescore>
        <truepenalty></truepenalty>
        <truenextnode>1</truenextnode>
        <trueanswernote>satisfies DE</trueanswernote>
        <truefeedback format="html">
          <text></text>
        </truefeedback>
        <falsescoremode>=</falsescoremode>
        <falsescore>0.0000000</falsescore>
        <falsepenalty></falsepenalty>
        <falsenextnode>-1</falsenextnode>
        <falseanswernote>Fails to satisfy DE</falseanswernote>
        <falsefeedback format="html">
          <text><![CDATA[<p>Your answer should satisfy the differential equation, but in fact when we substitute your expression into the differential equation we get \[@p@\] which is not zero, so you must have done something wrong.</p>]]></text>
        </falsefeedback>
      </node>
      <node>
        <name>1</name>
        <answertest>AlgEquiv</answertest>
        <sans>lv</sans>
        <tans>2</tans>
        <testoptions></testoptions>
        <quiet>0</quiet>
        <truescoremode>=</truescoremode>
        <truescore>1.0000000</truescore>
        <truepenalty></truepenalty>
        <truenextnode>2</truenextnode>
        <trueanswernote>2 variables in answer</trueanswernote>
        <truefeedback format="html">
          <text></text>
        </truefeedback>
        <falsescoremode>=</falsescoremode>
        <falsescore>0.7500000</falsescore>
        <falsepenalty></falsepenalty>
        <falsenextnode>-1</falsenextnode>
        <falseanswernote>Insufficient constants</falseanswernote>
        <falsefeedback format="html">
          <text><![CDATA[<p>You should have a general solution, which includes unknown constants. Your answer satisfies the differential equation, but does not have the correct number of unknown constants.</p>]]></text>
        </falsefeedback>
      </node>
      <node>
        <name>2</name>
        <answertest>AlgEquiv</answertest>
        <sans>numberp(m)</sans>
        <tans>true</tans>
        <testoptions></testoptions>
        <quiet>0</quiet>
        <truescoremode>=</truescoremode>
        <truescore>0.0000000</truescore>
        <truepenalty></truepenalty>
        <truenextnode>-1</truenextnode>
        <trueanswernote>Not two lin ind parts</trueanswernote>
        <truefeedback format="html">
          <text><![CDATA[<p>Your general solution should be a sum of two linearly independent components, but is not.</p>]]></text>
        </truefeedback>
        <falsescoremode>=</falsescoremode>
        <falsescore>1.0000000</falsescore>
        <falsepenalty></falsepenalty>
        <falsenextnode>-1</falsenextnode>
        <falseanswernote>Correct</falseanswernote>
        <falsefeedback format="html">
          <text></text>
        </falsefeedback>
      </node>
    </prt>
    <qtest>
      <testcase>1</testcase>
      <testinput>
        <name>ans1</name>
        <value>ta</value>
      </testinput>
      <expected>
        <name>Result</name>
        <expectedscore>1.0000000</expectedscore>
        <expectedpenalty>0.0000000</expectedpenalty>
        <expectedanswernote>Correct</expectedanswernote>
      </expected>
    </qtest>
    <qtest>
      <testcase>2</testcase>
      <testinput>
        <name>ans1</name>
        <value>%e^(l1*t)+%e^(l2*t)</value>
      </testinput>
      <expected>
        <name>Result</name>
        <expectedscore>0.7500000</expectedscore>
        <expectedpenalty>0.1000000</expectedpenalty>
        <expectedanswernote>Insufficient constants</expectedanswernote>
      </expected>
    </qtest>
    <qtest>
      <testcase>3</testcase>
      <testinput>
        <name>ans1</name>
        <value>sin(t)</value>
      </testinput>
      <expected>
        <name>Result</name>
        <expectedscore>0.0000000</expectedscore>
        <expectedpenalty>0.1000000</expectedpenalty>
        <expectedanswernote>Fails to satisfy DE</expectedanswernote>
      </expected>
    </qtest>
    <qtest>
      <testcase>4</testcase>
      <testinput>
        <name>ans1</name>
        <value>A*B*%e^(l1*t)</value>
      </testinput>
      <expected>
        <name>Result</name>
        <expectedscore>0.0000000</expectedscore>
        <expectedpenalty>0.1000000</expectedpenalty>
        <expectedanswernote>Not two lin ind parts</expectedanswernote>
      </expected>
    </qtest>
  </question>

<!-- question: 157  -->
  <question type="stack">
    <name>
      <text>ODE_2nd_order_linear_2</text>
    </name>
    <questiontext format="html">
      <text><![CDATA[<p>Find the general solution to \[ @q@ =0 \] [[input:ans1]] [[validation:ans1]]</p>]]></text>
    </questiontext>
    <generalfeedback format="html">
      <text></text>
    </generalfeedback>
    <defaultgrade>1.0000000</defaultgrade>
    <penalty>0.1000000</penalty>
    <hidden>0</hidden>
    <questionvariables>
      <text>l1:(-1)^rand(1)*rand(6);
l2:l1;
c1:-1*(l1+l2);
c2:l1*l2;
q:'diff(y(t),t,2)+c1*'diff(y(t),t)+c2*y(t);
ta:(A*t+B)*%e^(l1*t);</text>
    </questionvariables>
    <specificfeedback format="html">
      <text><![CDATA[<p>[[feedback:Result]]</p>]]></text>
    </specificfeedback>
    <questionnote>
      <text>@ta@</text>
    </questionnote>
    <questionsimplify>1</questionsimplify>
    <assumepositive>0</assumepositive>
    <prtcorrect format="html">
      <text><![CDATA[<p><span class="correct">Correct answer, well done.</span></p>]]></text>
    </prtcorrect>
    <prtpartiallycorrect format="html">
      <text><![CDATA[<p><span class="partially">Your answer is partially correct.</span></p>]]></text>
    </prtpartiallycorrect>
    <prtincorrect format="html">
      <text><![CDATA[<p><span class="'incorrect">Incorrect answer.</span></p>]]></text>
    </prtincorrect>
    <multiplicationsign>dot</multiplicationsign>
    <sqrtsign>1</sqrtsign>
    <complexno>i</complexno>
    <variantsselectionseed></variantsselectionseed>
    <input>
      <name>ans1</name>
      <type>algebraic</type>
      <tans>ta</tans>
      <boxsize>15</boxsize>
      <strictsyntax>1</strictsyntax>
      <insertstars>0</insertstars>
      <syntaxhint></syntaxhint>
      <forbidwords></forbidwords>
      <forbidfloat>1</forbidfloat>
      <requirelowestterms>1</requirelowestterms>
      <checkanswertype>1</checkanswertype>
      <mustverify>1</mustverify>
      <showvalidation>1</showvalidation>
    </input>
    <prt>
      <name>Result</name>
      <value>1.0000000</value>
      <autosimplify>1</autosimplify>
      <feedbackvariables>
        <text>p:ev(q,y(t)=ans1,nouns,fullratsimp);
l:setify(listofvars(ans1));
l:setdifference(l,set(t));
l:listify(l);
lv:length(l);
b1:ev(ans1,t=0,fullratsimp);
b2:ev(ans1,t=1,fullratsimp);
m:if not(b2=0) then fullratsimp(b1/b2) else 0;
m:float(m);</text>
      </feedbackvariables>
      <node>
        <name>0</name>
        <answertest>AlgEquiv</answertest>
        <sans>p</sans>
        <tans>0</tans>
        <testoptions></testoptions>
        <quiet>0</quiet>
        <truescoremode>=</truescoremode>
        <truescore>1.0000000</truescore>
        <truepenalty></truepenalty>
        <truenextnode>1</truenextnode>
        <trueanswernote>Satisfies DE</trueanswernote>
        <truefeedback format="html">
          <text></text>
        </truefeedback>
        <falsescoremode>=</falsescoremode>
        <falsescore>0.0000000</falsescore>
        <falsepenalty></falsepenalty>
        <falsenextnode>-1</falsenextnode>
        <falseanswernote>Fails to satisfy DE</falseanswernote>
        <falsefeedback format="html">
          <text><![CDATA[<p>Your answer should satisfy the differential equation, but in fact when we substitute your expression into the differential equation we get \[@p@\] which is not zero, so you must have done something wrong.</p>]]></text>
        </falsefeedback>
      </node>
      <node>
        <name>1</name>
        <answertest>AlgEquiv</answertest>
        <sans>lv</sans>
        <tans>2</tans>
        <testoptions></testoptions>
        <quiet>0</quiet>
        <truescoremode>=</truescoremode>
        <truescore>1.0000000</truescore>
        <truepenalty></truepenalty>
        <truenextnode>2</truenextnode>
        <trueanswernote>Has constants</trueanswernote>
        <truefeedback format="html">
          <text></text>
        </truefeedback>
        <falsescoremode>=</falsescoremode>
        <falsescore>0.7500000</falsescore>
        <falsepenalty></falsepenalty>
        <falsenextnode>-1</falsenextnode>
        <falseanswernote>Insufficient constants</falseanswernote>
        <falsefeedback format="html">
          <text><![CDATA[<p>You should have a general solution, which includes unknown constants. Your answer satisfies the differential equation, but does not have the correct number of unknown constants.</p>]]></text>
        </falsefeedback>
      </node>
      <node>
        <name>2</name>
        <answertest>AlgEquiv</answertest>
        <sans>numberp(m)</sans>
        <tans>true</tans>
        <testoptions></testoptions>
        <quiet>0</quiet>
        <truescoremode>=</truescoremode>
        <truescore>0.0000000</truescore>
        <truepenalty></truepenalty>
        <truenextnode>-1</truenextnode>
        <trueanswernote>Not two lin ind parts</trueanswernote>
        <truefeedback format="html">
          <text><![CDATA[<p>Your general solution should be a sum of two linearly independent components, but is not.</p>]]></text>
        </truefeedback>
        <falsescoremode>=</falsescoremode>
        <falsescore>1.0000000</falsescore>
        <falsepenalty></falsepenalty>
        <falsenextnode>-1</falsenextnode>
        <falseanswernote>Correct</falseanswernote>
        <falsefeedback format="html">
          <text></text>
        </falsefeedback>
      </node>
    </prt>
    <qtest>
      <testcase>1</testcase>
      <testinput>
        <name>ans1</name>
        <value>ta</value>
      </testinput>
      <expected>
        <name>Result</name>
        <expectedscore>1.0000000</expectedscore>
        <expectedpenalty>0.0000000</expectedpenalty>
        <expectedanswernote>Correct</expectedanswernote>
      </expected>
    </qtest>
    <qtest>
      <testcase>2</testcase>
      <testinput>
        <name>ans1</name>
        <value>sin(t)</value>
      </testinput>
      <expected>
        <name>Result</name>
        <expectedscore>0.0000000</expectedscore>
        <expectedpenalty>0.1000000</expectedpenalty>
        <expectedanswernote>Fails to satisfy DE</expectedanswernote>
      </expected>
    </qtest>
    <qtest>
      <testcase>3</testcase>
      <testinput>
        <name>ans1</name>
        <value>%e^(l1*t)*(A+B)</value>
      </testinput>
      <expected>
        <name>Result</name>
        <expectedscore>0.0000000</expectedscore>
        <expectedpenalty>0.1000000</expectedpenalty>
        <expectedanswernote>Not two lin ind parts</expectedanswernote>
      </expected>
    </qtest>
    <qtest>
      <testcase>4</testcase>
      <testinput>
        <name>ans1</name>
        <value>%e^(l1*t)*(A+t)</value>
      </testinput>
      <expected>
        <name>Result</name>
        <expectedscore>0.7500000</expectedscore>
        <expectedpenalty>0.1000000</expectedpenalty>
        <expectedanswernote>Insufficient constants</expectedanswernote>
      </expected>
    </qtest>
  </question>

<!-- question: 158  -->
  <question type="stack">
    <name>
      <text>ODE_2nd_order_linear_3</text>
    </name>
    <questiontext format="html">
      <text><![CDATA[<p>Find the solution to \[ @q@ =0 \] subject to \[ y(0) = @y0@ \] and \[ y'(0) = @y1@ \] [[input:ans1]] [[validation:ans1]]</p>]]></text>
    </questiontext>
    <generalfeedback format="html">
      <text></text>
    </generalfeedback>
    <defaultgrade>1.0000000</defaultgrade>
    <penalty>0.1000000</penalty>
    <hidden>0</hidden>
    <questionvariables>
      <text>l1:-1-rand(6);
l2:1+rand(6);
c1:-1*(l1+l2);
c2:l1*l2;
q:'diff(y(t),t,2)+c1*'diff(y(t),t)+c2*y(t);
A:1+rand(3);
B:2+rand(3);
ta:A*%e^(l1*t)+B*%e^(l2*t);
da:diff(ta,t);
y0:ev(ta,t=0);
y1:ev(da,t=0);</text>
    </questionvariables>
    <specificfeedback format="html">
      <text><![CDATA[<p>[[feedback:Result]]</p>]]></text>
    </specificfeedback>
    <questionnote>
      <text>@ta@</text>
    </questionnote>
    <questionsimplify>1</questionsimplify>
    <assumepositive>0</assumepositive>
    <prtcorrect format="html">
      <text><![CDATA[<p><span class="correct">Correct answer, well done.</span></p>]]></text>
    </prtcorrect>
    <prtpartiallycorrect format="html">
      <text><![CDATA[<p><span class="partially">Your answer is partially correct.</span></p>]]></text>
    </prtpartiallycorrect>
    <prtincorrect format="html">
      <text><![CDATA[<p><span class="'incorrect">Incorrect answer.</span></p>]]></text>
    </prtincorrect>
    <multiplicationsign>dot</multiplicationsign>
    <sqrtsign>1</sqrtsign>
    <complexno>i</complexno>
    <variantsselectionseed></variantsselectionseed>
    <input>
      <name>ans1</name>
      <type>algebraic</type>
      <tans>ta</tans>
      <boxsize>15</boxsize>
      <strictsyntax>1</strictsyntax>
      <insertstars>0</insertstars>
      <syntaxhint></syntaxhint>
      <forbidwords></forbidwords>
      <forbidfloat>1</forbidfloat>
      <requirelowestterms>1</requirelowestterms>
      <checkanswertype>1</checkanswertype>
      <mustverify>1</mustverify>
      <showvalidation>1</showvalidation>
    </input>
    <prt>
      <name>Result</name>
      <value>1.0000000</value>
      <autosimplify>1</autosimplify>
      <feedbackvariables>
        <text>p:ev(q,y(t)=ans1,nouns,fullratsimp);
b0:ev(ans1,t=0,fullratsimp);
dsa:diff(ans1,t);
b1:ev(dsa,t=0,fullratsimp);</text>
      </feedbackvariables>
      <node>
        <name>0</name>
        <answertest>AlgEquiv</answertest>
        <sans>p</sans>
        <tans>0</tans>
        <testoptions></testoptions>
        <quiet>0</quiet>
        <truescoremode>=</truescoremode>
        <truescore>1.0000000</truescore>
        <truepenalty></truepenalty>
        <truenextnode>1</truenextnode>
        <trueanswernote>Satisfies DE</trueanswernote>
        <truefeedback format="html">
          <text></text>
        </truefeedback>
        <falsescoremode>=</falsescoremode>
        <falsescore>0.0000000</falsescore>
        <falsepenalty></falsepenalty>
        <falsenextnode>-1</falsenextnode>
        <falseanswernote>Fails to satisfy DE</falseanswernote>
        <falsefeedback format="html">
          <text><![CDATA[<p>Your answer should satisfy the differential equation, but in fact when we substitute your expression into the differential equation we get \[@p@\] which is not zero, so you must have done something wrong.</p>]]></text>
        </falsefeedback>
      </node>
      <node>
        <name>1</name>
        <answertest>AlgEquiv</answertest>
        <sans>b0</sans>
        <tans>y0</tans>
        <testoptions></testoptions>
        <quiet>0</quiet>
        <truescoremode>+</truescoremode>
        <truescore>0.0000000</truescore>
        <truepenalty></truepenalty>
        <truenextnode>2</truenextnode>
        <trueanswernote>$y(0)$ correct.</trueanswernote>
        <truefeedback format="html">
          <text></text>
        </truefeedback>
        <falsescoremode>-</falsescoremode>
        <falsescore>0.2000000</falsescore>
        <falsepenalty></falsepenalty>
        <falsenextnode>2</falsenextnode>
        <falseanswernote>$y(0)$ wrong.</falseanswernote>
        <falsefeedback format="html">
          <text><![CDATA[<p>Your answer should satisfy \[ y(0) = @y0@ \] but does not. When we substitute $t=0$ in your answer we get @b0@ instead.</p>]]></text>
        </falsefeedback>
      </node>
      <node>
        <name>2</name>
        <answertest>AlgEquiv</answertest>
        <sans>b1</sans>
        <tans>y1</tans>
        <testoptions></testoptions>
        <quiet>0</quiet>
        <truescoremode>+</truescoremode>
        <truescore>0.0000000</truescore>
        <truepenalty></truepenalty>
        <truenextnode>-1</truenextnode>
        <trueanswernote>$y'(0)$ correct.</trueanswernote>
        <truefeedback format="html">
          <text></text>
        </truefeedback>
        <falsescoremode>-</falsescoremode>
        <falsescore>0.2000000</falsescore>
        <falsepenalty></falsepenalty>
        <falsenextnode>-1</falsenextnode>
        <falseanswernote>$y'(0)$ wrong.</falseanswernote>
        <falsefeedback format="html">
          <text><![CDATA[<p>Your answer should satisfy \[ y'(0) = @y1@ \] but does not. When we substitute $t=0$ into the derivative of your answer we get @b1@ instead.</p>]]></text>
        </falsefeedback>
      </node>
    </prt>
    <qtest>
      <testcase>1</testcase>
      <testinput>
        <name>ans1</name>
        <value>ta</value>
      </testinput>
      <expected>
        <name>Result</name>
        <expectedscore>1.0000000</expectedscore>
        <expectedpenalty>0.0000000</expectedpenalty>
        <expectedanswernote>$y'(0)$ correct.</expectedanswernote>
      </expected>
    </qtest>
    <qtest>
      <testcase>2</testcase>
      <testinput>
        <name>ans1</name>
        <value>da</value>
      </testinput>
      <expected>
        <name>Result</name>
        <expectedscore>0.6000000</expectedscore>
        <expectedpenalty>0.1000000</expectedpenalty>
        <expectedanswernote>$y'(0)$ wrong.</expectedanswernote>
      </expected>
    </qtest>
    <qtest>
      <testcase>3</testcase>
      <testinput>
        <name>ans1</name>
        <value>sin(t)</value>
      </testinput>
      <expected>
        <name>Result</name>
        <expectedscore>0.0000000</expectedscore>
        <expectedpenalty>0.1000000</expectedpenalty>
        <expectedanswernote>Fails to satisfy DE</expectedanswernote>
      </expected>
    </qtest>
  </question>

</quiz>