<?xml version="1.0" encoding="UTF-8"?>
<quiz>
<!-- question: 111  -->
  <question type="stack">
    <name>
      <text>Railways</text>
    </name>
    <questiontext format="html">
      <text><![CDATA[<p>In a railway journey of $90km$ an increase of $5$ kilometers per hour in the speed decreases the time taken by $15$ minutes.</p>
<p>Write a system of equations (one equation per line) to represent this situation using $v$ as the speed of the train and $t$ as the time. <br />[[input:asys]] [[validation:asys]] [[feedback:prt1]]</p>
<p>Eliminate $t$ from your equations, writing a single equation only in $v$ which represents this situation. <br />[[input:veqn]] [[validation:veqn]] [[feedback:prt2]]</p>
<p>What is the velocity? [[input:ansv]] [[validation:ansv]] [[feedback:prt3]]</p>]]></text>
    </questiontext>
    <generalfeedback format="html">
      <text><![CDATA[<p>Let $v$ be thespeed of the train, $d$ the distance travelled and $t$ time. If $t$ is the time (in hours) then $15$ minutes is $1/4$ hour.</p>
<p>We need to use the equation $d=v\times t$ twice.</p>
<p>For the original journey we have \[ 90 = v\times t.\] For the faster journey we have \[ 90 = (v+5)(t-1/4).\]</p>]]></text>
    </generalfeedback>
    <defaultgrade>1.0000000</defaultgrade>
    <penalty>0.3333333</penalty>
    <hidden>0</hidden>
    <questionvariables>
      <text>ta:[v*t=90 , (v+5)*(t-15/60)=90];
tsys:maplist(stack_eqnprepare,ta);
tsys1:maplist(stack_eqnprepare,[v*t=90 , (v+5)*(t-15)=90]);</text>
    </questionvariables>
    <specificfeedback format="html">
      <text></text>
    </specificfeedback>
    <questionnote>
      <text></text>
    </questionnote>
    <questionsimplify>1</questionsimplify>
    <assumepositive>0</assumepositive>
    <prtcorrect format="html">
      <text><![CDATA[<p><span class="correct">Correct answer, well done.</span></p>]]></text>
    </prtcorrect>
    <prtpartiallycorrect format="html">
      <text><![CDATA[<p><span class="incorrect">Your answer is partially correct.</span></p>]]></text>
    </prtpartiallycorrect>
    <prtincorrect format="html">
      <text><![CDATA[<p><span class="partially">Incorrect answer.</span></p>]]></text>
    </prtincorrect>
    <multiplicationsign>dot</multiplicationsign>
    <sqrtsign>1</sqrtsign>
    <complexno>i</complexno>
    <variantsselectionseed></variantsselectionseed>
    <input>
      <name>ansv</name>
      <type>algebraic</type>
      <tans>40</tans>
      <boxsize>15</boxsize>
      <strictsyntax>1</strictsyntax>
      <insertstars>1</insertstars>
      <syntaxhint></syntaxhint>
      <forbidwords></forbidwords>
      <forbidfloat>1</forbidfloat>
      <requirelowestterms>1</requirelowestterms>
      <checkanswertype>1</checkanswertype>
      <mustverify>1</mustverify>
      <showvalidation>1</showvalidation>
    </input>
    <input>
      <name>asys</name>
      <type>textarea</type>
      <tans>ta</tans>
      <boxsize>30</boxsize>
      <strictsyntax>1</strictsyntax>
      <insertstars>1</insertstars>
      <syntaxhint></syntaxhint>
      <forbidwords></forbidwords>
      <forbidfloat>0</forbidfloat>
      <requirelowestterms>0</requirelowestterms>
      <checkanswertype>0</checkanswertype>
      <mustverify>1</mustverify>
      <showvalidation>1</showvalidation>
    </input>
    <input>
      <name>veqn</name>
      <type>algebraic</type>
      <tans>v^2+5*v-1800=0</tans>
      <boxsize>15</boxsize>
      <strictsyntax>1</strictsyntax>
      <insertstars>1</insertstars>
      <syntaxhint></syntaxhint>
      <forbidwords></forbidwords>
      <forbidfloat>1</forbidfloat>
      <requirelowestterms>1</requirelowestterms>
      <checkanswertype>1</checkanswertype>
      <mustverify>1</mustverify>
      <showvalidation>1</showvalidation>
    </input>
    <prt>
      <name>prt1</name>
      <value>1.0000000</value>
      <autosimplify>1</autosimplify>
      <feedbackvariables>
        <text>S0:stack_eval_assignments(exdowncase(asys));
S0:maplist(stack_eqnprepare,S0);
res:stack_eqncompare(S0,tsys,[v,t]);</text>
      </feedbackvariables>
      <node>
        <name>0</name>
        <answertest>AlgEquiv</answertest>
        <sans>res</sans>
        <tans>true</tans>
        <testoptions></testoptions>
        <quiet>0</quiet>
        <truescoremode>=</truescoremode>
        <truescore>1.0000000</truescore>
        <truepenalty></truepenalty>
        <truenextnode>-1</truenextnode>
        <trueanswernote>1-0-T</trueanswernote>
        <truefeedback format="html">
          <text></text>
        </truefeedback>
        <falsescoremode>=</falsescoremode>
        <falsescore>0.0000000</falsescore>
        <falsepenalty></falsepenalty>
        <falsenextnode>1</falsenextnode>
        <falseanswernote>1-0-F</falseanswernote>
        <falsefeedback format="html">
          <text></text>
        </falsefeedback>
      </node>
      <node>
        <name>1</name>
        <answertest>AlgEquiv</answertest>
        <sans>stack_eqncompare(S0,tsys1,[v,t])</sans>
        <tans>true</tans>
        <testoptions></testoptions>
        <quiet>0</quiet>
        <truescoremode>=</truescoremode>
        <truescore>0.0000000</truescore>
        <truepenalty></truepenalty>
        <truenextnode>-1</truenextnode>
        <trueanswernote>1-1-T</trueanswernote>
        <truefeedback format="html">
          <text><![CDATA[<p>Please check your time units very carefully!</p>]]></text>
        </truefeedback>
        <falsescoremode>=</falsescoremode>
        <falsescore>0.0000000</falsescore>
        <falsepenalty></falsepenalty>
        <falsenextnode>-1</falsenextnode>
        <falseanswernote>1-1-F </falseanswernote>
        <falsefeedback format="html">
          <text></text>
        </falsefeedback>
      </node>
    </prt>
    <prt>
      <name>prt2</name>
      <value>1.0000000</value>
      <autosimplify>1</autosimplify>
      <feedbackvariables>
        <text></text>
      </feedbackvariables>
      <node>
        <name>0</name>
        <answertest>AlgEquiv</answertest>
        <sans>veqn</sans>
        <tans>v^2+5*v-1800=0</tans>
        <testoptions></testoptions>
        <quiet>0</quiet>
        <truescoremode>=</truescoremode>
        <truescore>1.0000000</truescore>
        <truepenalty></truepenalty>
        <truenextnode>-1</truenextnode>
        <trueanswernote>2-0-T </trueanswernote>
        <truefeedback format="html">
          <text></text>
        </truefeedback>
        <falsescoremode>=</falsescoremode>
        <falsescore>0.0000000</falsescore>
        <falsepenalty></falsepenalty>
        <falsenextnode>-1</falsenextnode>
        <falseanswernote>2-0-F </falseanswernote>
        <falsefeedback format="html">
          <text></text>
        </falsefeedback>
      </node>
    </prt>
    <prt>
      <name>prt3</name>
      <value>1.0000000</value>
      <autosimplify>1</autosimplify>
      <feedbackvariables>
        <text></text>
      </feedbackvariables>
      <node>
        <name>0</name>
        <answertest>AlgEquiv</answertest>
        <sans>ansv</sans>
        <tans>40</tans>
        <testoptions></testoptions>
        <quiet>0</quiet>
        <truescoremode>=</truescoremode>
        <truescore>1.0000000</truescore>
        <truepenalty></truepenalty>
        <truenextnode>-1</truenextnode>
        <trueanswernote>3-0-T </trueanswernote>
        <truefeedback format="html">
          <text></text>
        </truefeedback>
        <falsescoremode>=</falsescoremode>
        <falsescore>0.0000000</falsescore>
        <falsepenalty></falsepenalty>
        <falsenextnode>1</falsenextnode>
        <falseanswernote>3-0-F </falseanswernote>
        <falsefeedback format="html">
          <text></text>
        </falsefeedback>
      </node>
      <node>
        <name>1</name>
        <answertest>GT</answertest>
        <sans>0</sans>
        <tans>ansv</tans>
        <testoptions></testoptions>
        <quiet>0</quiet>
        <truescoremode>=</truescoremode>
        <truescore>0.0000000</truescore>
        <truepenalty></truepenalty>
        <truenextnode>-1</truenextnode>
        <trueanswernote>3-1-T </trueanswernote>
        <truefeedback format="html">
          <text><![CDATA[<p>Your velocity should be positive!</p>]]></text>
        </truefeedback>
        <falsescoremode>=</falsescoremode>
        <falsescore>0.0000000</falsescore>
        <falsepenalty></falsepenalty>
        <falsenextnode>-1</falsenextnode>
        <falseanswernote>3-1-F </falseanswernote>
        <falsefeedback format="html">
          <text></text>
        </falsefeedback>
      </node>
    </prt>
    <qtest>
      <testcase>1</testcase>
      <testinput>
        <name>ansv</name>
        <value>40</value>
      </testinput>
      <testinput>
        <name>asys</name>
        <value>tsys</value>
      </testinput>
      <testinput>
        <name>veqn</name>
        <value>v^2+5*v-1800=0</value>
      </testinput>
      <expected>
        <name>prt1</name>
        <expectedscore>1.0000000</expectedscore>
        <expectedpenalty>0.0000000</expectedpenalty>
        <expectedanswernote>1-0-T</expectedanswernote>
      </expected>
      <expected>
        <name>prt2</name>
        <expectedscore>1.0000000</expectedscore>
        <expectedpenalty>0.0000000</expectedpenalty>
        <expectedanswernote>2-0-T </expectedanswernote>
      </expected>
      <expected>
        <name>prt3</name>
        <expectedscore>1.0000000</expectedscore>
        <expectedpenalty>0.0000000</expectedpenalty>
        <expectedanswernote>3-0-T </expectedanswernote>
      </expected>
    </qtest>
    <qtest>
      <testcase>2</testcase>
      <testinput>
        <name>ansv</name>
        <value>-45</value>
      </testinput>
      <testinput>
        <name>asys</name>
        <value>[v=90/t , (v+5)*(t-0.25)-v*t=0]</value>
      </testinput>
      <testinput>
        <name>veqn</name>
        <value></value>
      </testinput>
      <expected>
        <name>prt1</name>
        <expectedscore>1.0000000</expectedscore>
        <expectedpenalty>0.0000000</expectedpenalty>
        <expectedanswernote>1-0-T</expectedanswernote>
      </expected>
      <expected>
        <name>prt2</name>
        <expectedscore></expectedscore>
        <expectedpenalty></expectedpenalty>
        <expectedanswernote>NULL</expectedanswernote>
      </expected>
      <expected>
        <name>prt3</name>
        <expectedscore>0.0000000</expectedscore>
        <expectedpenalty>0.3333333</expectedpenalty>
        <expectedanswernote>3-1-T</expectedanswernote>
      </expected>
    </qtest>
    <qtest>
      <testcase>3</testcase>
      <testinput>
        <name>ansv</name>
        <value></value>
      </testinput>
      <testinput>
        <name>asys</name>
        <value>[v*t=80 , 4*v*t+20*t-v=365]</value>
      </testinput>
      <testinput>
        <name>veqn</name>
        <value></value>
      </testinput>
      <expected>
        <name>prt1</name>
        <expectedscore>0.0000000</expectedscore>
        <expectedpenalty>0.3333333</expectedpenalty>
        <expectedanswernote>1-1-F</expectedanswernote>
      </expected>
      <expected>
        <name>prt2</name>
        <expectedscore></expectedscore>
        <expectedpenalty></expectedpenalty>
        <expectedanswernote>NULL</expectedanswernote>
      </expected>
      <expected>
        <name>prt3</name>
        <expectedscore></expectedscore>
        <expectedpenalty></expectedpenalty>
        <expectedanswernote>NULL</expectedanswernote>
      </expected>
    </qtest>
    <qtest>
      <testcase>4</testcase>
      <testinput>
        <name>ansv</name>
        <value></value>
      </testinput>
      <testinput>
        <name>asys</name>
        <value>[V*T=90 , (v+5)*(t-15)=90]</value>
      </testinput>
      <testinput>
        <name>veqn</name>
        <value></value>
      </testinput>
      <expected>
        <name>prt1</name>
        <expectedscore>0.0000000</expectedscore>
        <expectedpenalty>0.3333333</expectedpenalty>
        <expectedanswernote>1-1-T</expectedanswernote>
      </expected>
      <expected>
        <name>prt2</name>
        <expectedscore></expectedscore>
        <expectedpenalty></expectedpenalty>
        <expectedanswernote>NULL</expectedanswernote>
      </expected>
      <expected>
        <name>prt3</name>
        <expectedscore></expectedscore>
        <expectedpenalty></expectedpenalty>
        <expectedanswernote>NULL</expectedanswernote>
      </expected>
    </qtest>
    <qtest>
      <testcase>5</testcase>
      <testinput>
        <name>ansv</name>
        <value></value>
      </testinput>
      <testinput>
        <name>asys</name>
        <value>[d=90,d=v*t,d=(v+5)*(t-0.25)]</value>
      </testinput>
      <testinput>
        <name>veqn</name>
        <value></value>
      </testinput>
      <expected>
        <name>prt1</name>
        <expectedscore>1.0000000</expectedscore>
        <expectedpenalty>0.0000000</expectedpenalty>
        <expectedanswernote>1-0-T</expectedanswernote>
      </expected>
      <expected>
        <name>prt2</name>
        <expectedscore></expectedscore>
        <expectedpenalty></expectedpenalty>
        <expectedanswernote>NULL</expectedanswernote>
      </expected>
      <expected>
        <name>prt3</name>
        <expectedscore></expectedscore>
        <expectedpenalty></expectedpenalty>
        <expectedanswernote>NULL</expectedanswernote>
      </expected>
    </qtest>
  </question>

</quiz>
