<?xml version="1.0" encoding="UTF-8"?>
<quiz>
<!-- question: 15  -->
  <question type="stack">
    <name>
      <text>Find the line tangent to a random polynomial at a point.</text>
    </name>
    <questiontext format="html">
      <text><![CDATA[<p>Find the equation of the line tangent to $p(x):=$@p@ at the point $x=@pt@$.</p>
<p>1. Differentiate @p@ with respect to $x$. [[input:ans1]] [[validation:ans1]] [[feedback:prt1]]</p>
<p>2. Evaluate your derivative at $x=@pt@$. [[input:ans2]] [[validation:ans2]] [[feedback:prt2]]</p>
<p>3. Hence, find the equation of the tangent line to $p$ at $x=@pt@$. $y=$[[input:ans3]] [[validation:ans3]] [[feedback:prt3]]</p>]]></text>
    </questiontext>
    <generalfeedback format="html">
      <text><![CDATA[<p>1. The derivative of @p@ with respect to $x$ is \[ @ta1@.\]</p>
<p>2. If we subsitiute $x=@pt@$ into $p'(x)$ we have $p'(@pt@)=@ta2@$.</p>
<p>3. The tangent line is given by the equation</p>
<p>\[ y = m(x-a)+c\]</p>
<p>where $m$ is the gradient of the line, $a$ is the point at which the tangent line is being contructed and $c:=p(a)$.  In our case we have $a=@pt@$, $m=@ta2@$ and $c=p(@pt@)=@c@$.  Combining these we have</p>
<p>\[ y=@ta2*(x-pt)+c@ = @ta3@.\]</p>]]></text>
    </generalfeedback>
    <defaultgrade>1.0000000</defaultgrade>
    <penalty>0.1000000</penalty>
    <hidden>0</hidden>
    <questionvariables>
      <text>p : (2+rand(3))*x^3+(3+rand(3))*x^2+(2+rand(3))*x
pt:2
c:subst(x=pt,p)
ta1:diff(p,x)
ta2:subst(x=pt,diff(p,x))
ta3:remainder(p,(x-pt)^2)</text>
    </questionvariables>
    <specificfeedback format="html">
      <text></text>
    </specificfeedback>
    <questionnote>
      <text>    @p@
</text>
    </questionnote>
    <questionsimplify>1</questionsimplify>
    <assumepositive>0</assumepositive>
    <prtcorrect format="html">
      <text><![CDATA[<p>Correct answer, well done.</p>]]></text>
    </prtcorrect>
    <prtpartiallycorrect format="html">
      <text><![CDATA[<p>Your answer is partially correct.</p>]]></text>
    </prtpartiallycorrect>
    <prtincorrect format="html">
      <text><![CDATA[<p>Incorrect answer.</p>]]></text>
    </prtincorrect>
    <multiplicationsign>dot</multiplicationsign>
    <sqrtsign>1</sqrtsign>
    <complexno>i</complexno>
    <variantsselectionseed></variantsselectionseed>
    <input>
      <name>ans1</name>
      <type>algebraic</type>
      <tans>ta1</tans>
      <boxsize>15</boxsize>
      <strictsyntax>1</strictsyntax>
      <insertstars>1</insertstars>
      <syntaxhint></syntaxhint>
      <forbidwords></forbidwords>
      <forbidfloat>1</forbidfloat>
      <requirelowestterms>0</requirelowestterms>
      <checkanswertype>0</checkanswertype>
      <mustverify>1</mustverify>
      <showvalidation>1</showvalidation>
    </input>
    <input>
      <name>ans2</name>
      <type>algebraic</type>
      <tans>ta2</tans>
      <boxsize>15</boxsize>
      <strictsyntax>1</strictsyntax>
      <insertstars>1</insertstars>
      <syntaxhint></syntaxhint>
      <forbidwords></forbidwords>
      <forbidfloat>1</forbidfloat>
      <requirelowestterms>0</requirelowestterms>
      <checkanswertype>0</checkanswertype>
      <mustverify>1</mustverify>
      <showvalidation>1</showvalidation>
    </input>
    <input>
      <name>ans3</name>
      <type>algebraic</type>
      <tans>ta3</tans>
      <boxsize>15</boxsize>
      <strictsyntax>1</strictsyntax>
      <insertstars>1</insertstars>
      <syntaxhint></syntaxhint>
      <forbidwords></forbidwords>
      <forbidfloat>1</forbidfloat>
      <requirelowestterms>0</requirelowestterms>
      <checkanswertype>0</checkanswertype>
      <mustverify>1</mustverify>
      <showvalidation>1</showvalidation>
    </input>
    <prt>
      <name>prt1</name>
      <value>1.0000000</value>
      <autosimplify>1</autosimplify>
      <feedbackvariables>
        <text></text>
      </feedbackvariables>
      <node>
        <name>0</name>
        <answertest>AlgEquiv</answertest>
        <sans>ans1</sans>
        <tans>ta1</tans>
        <testoptions></testoptions>
        <quiet>0</quiet>
        <truescoremode>=</truescoremode>
        <truescore>1.0000000</truescore>
        <truepenalty></truepenalty>
        <truenextnode>-1</truenextnode>
        <trueanswernote>prt1-1-T</trueanswernote>
        <truefeedback format="html">
          <text></text>
        </truefeedback>
        <falsescoremode>=</falsescoremode>
        <falsescore>0.0000000</falsescore>
        <falsepenalty></falsepenalty>
        <falsenextnode>-1</falsenextnode>
        <falseanswernote>prt1-1-F</falseanswernote>
        <falsefeedback format="html">
          <text></text>
        </falsefeedback>
      </node>
    </prt>
    <prt>
      <name>prt2</name>
      <value>1.0000000</value>
      <autosimplify>1</autosimplify>
      <feedbackvariables>
        <text></text>
      </feedbackvariables>
      <node>
        <name>0</name>
        <answertest>AlgEquiv</answertest>
        <sans>ans2</sans>
        <tans>subst(x=pt,ans1)</tans>
        <testoptions></testoptions>
        <quiet>0</quiet>
        <truescoremode>=</truescoremode>
        <truescore>1.0000000</truescore>
        <truepenalty></truepenalty>
        <truenextnode>1</truenextnode>
        <trueanswernote>prt2-1-T</trueanswernote>
        <truefeedback format="html">
          <text></text>
        </truefeedback>
        <falsescoremode>=</falsescoremode>
        <falsescore>0.0000000</falsescore>
        <falsepenalty></falsepenalty>
        <falsenextnode>-1</falsenextnode>
        <falseanswernote>prt2-1-F</falseanswernote>
        <falsefeedback format="html">
          <text></text>
        </falsefeedback>
      </node>
      <node>
        <name>1</name>
        <answertest>AlgEquiv</answertest>
        <sans>ans1</sans>
        <tans>ta1</tans>
        <testoptions></testoptions>
        <quiet>0</quiet>
        <truescoremode>=</truescoremode>
        <truescore>1.0000000</truescore>
        <truepenalty></truepenalty>
        <truenextnode>-1</truenextnode>
        <trueanswernote>prt2-2-T</trueanswernote>
        <truefeedback format="html">
          <text></text>
        </truefeedback>
        <falsescoremode>=</falsescoremode>
        <falsescore>0.0000000</falsescore>
        <falsepenalty></falsepenalty>
        <falsenextnode>-1</falsenextnode>
        <falseanswernote>prt2-2-F</falseanswernote>
        <falsefeedback format="html">
          <text><![CDATA[<p>Your answer to this part is correct, however you have got part 1 wrong! Please try both parts again!</p>]]></text>
        </falsefeedback>
      </node>
    </prt>
    <prt>
      <name>prt3</name>
      <value>1.0000000</value>
      <autosimplify>1</autosimplify>
      <feedbackvariables>
        <text></text>
      </feedbackvariables>
      <node>
        <name>0</name>
        <answertest>AlgEquiv</answertest>
        <sans>ans3</sans>
        <tans>ta3</tans>
        <testoptions></testoptions>
        <quiet>0</quiet>
        <truescoremode>=</truescoremode>
        <truescore>1.0000000</truescore>
        <truepenalty></truepenalty>
        <truenextnode>-1</truenextnode>
        <trueanswernote>prt3-1-T</trueanswernote>
        <truefeedback format="html">
          <text></text>
        </truefeedback>
        <falsescoremode>=</falsescoremode>
        <falsescore>0.0000000</falsescore>
        <falsepenalty></falsepenalty>
        <falsenextnode>-1</falsenextnode>
        <falseanswernote>prt3-1-F</falseanswernote>
        <falsefeedback format="html">
          <text></text>
        </falsefeedback>
      </node>
    </prt>
    <deployedseed>56</deployedseed>
    <deployedseed>93</deployedseed>
    <deployedseed>37</deployedseed>
    <qtest>
      <testcase>1</testcase>
      <testinput>
        <name>ans1</name>
        <value>ta1</value>
      </testinput>
      <testinput>
        <name>ans2</name>
        <value>ta2</value>
      </testinput>
      <testinput>
        <name>ans3</name>
        <value>ta3</value>
      </testinput>
      <expected>
        <name>prt1</name>
        <expectedscore>1.0000000</expectedscore>
        <expectedpenalty>0.0000000</expectedpenalty>
        <expectedanswernote>prt1-1-T</expectedanswernote>
      </expected>
      <expected>
        <name>prt2</name>
        <expectedscore>1.0000000</expectedscore>
        <expectedpenalty>0.0000000</expectedpenalty>
        <expectedanswernote>prt2-2-T</expectedanswernote>
      </expected>
      <expected>
        <name>prt3</name>
        <expectedscore>1.0000000</expectedscore>
        <expectedpenalty>0.0000000</expectedpenalty>
        <expectedanswernote>prt3-1-T</expectedanswernote>
      </expected>
    </qtest>
    <qtest>
      <testcase>2</testcase>
      <testinput>
        <name>ans1</name>
        <value>3*x^2+4*x+1</value>
      </testinput>
      <testinput>
        <name>ans2</name>
        <value>21</value>
      </testinput>
      <testinput>
        <name>ans3</name>
        <value>y=21*x+1</value>
      </testinput>
      <expected>
        <name>prt1</name>
        <expectedscore>0.0000000</expectedscore>
        <expectedpenalty>0.1000000</expectedpenalty>
        <expectedanswernote>prt1-1-F</expectedanswernote>
      </expected>
      <expected>
        <name>prt2</name>
        <expectedscore>0.0000000</expectedscore>
        <expectedpenalty>0.1000000</expectedpenalty>
        <expectedanswernote>prt2-2-F</expectedanswernote>
      </expected>
      <expected>
        <name>prt3</name>
        <expectedscore>0.0000000</expectedscore>
        <expectedpenalty>0.1000000</expectedpenalty>
        <expectedanswernote>prt3-1-F</expectedanswernote>
      </expected>
    </qtest>
    <qtest>
      <testcase>3</testcase>
      <testinput>
        <name>ans1</name>
        <value>ta1</value>
      </testinput>
      <testinput>
        <name>ans2</name>
        <value></value>
      </testinput>
      <testinput>
        <name>ans3</name>
        <value></value>
      </testinput>
      <expected>
        <name>prt1</name>
        <expectedscore>1.0000000</expectedscore>
        <expectedpenalty>0.0000000</expectedpenalty>
        <expectedanswernote>prt1-1-T</expectedanswernote>
      </expected>
      <expected>
        <name>prt2</name>
        <expectedscore></expectedscore>
        <expectedpenalty></expectedpenalty>
        <expectedanswernote>NULL</expectedanswernote>
      </expected>
      <expected>
        <name>prt3</name>
        <expectedscore></expectedscore>
        <expectedpenalty></expectedpenalty>
        <expectedanswernote>NULL</expectedanswernote>
      </expected>
    </qtest>
  </question>

</quiz>