<?xml version="1.0" encoding="UTF-8" ?>
<XMLDB PATH="question/type/ddmarker/db" VERSION="20111001" COMMENT="XMLDB file for Moodle question/type/ddmarker"
    xmlns:xsi="http://www.w3.org/2001/XMLSchema-instance"
    xsi:noNamespaceSchemaLocation="../../../../lib/xmldb/xmldb.xsd"
>
  <TABLES>
    <TABLE NAME="qtype_ddmarker" COMMENT="Defines drag and drop (text or images onto a background image) questions" NEXT="qtype_ddmarker_drops">
      <FIELDS>
        <FIELD NAME="id" TYPE="int" LENGTH="10" NOTNULL="true" UNSIGNED="true" SEQUENCE="true" NEXT="questionid"/>
        <FIELD NAME="questionid" TYPE="int" LENGTH="10" NOTNULL="true" UNSIGNED="true" DEFAULT="0" SEQUENCE="false" PREVIOUS="id" NEXT="shuffleanswers"/>
        <FIELD NAME="shuffleanswers" TYPE="int" LENGTH="4" NOTNULL="true" UNSIGNED="true" DEFAULT="1" SEQUENCE="false" PREVIOUS="questionid" NEXT="correctfeedback"/>
        <FIELD NAME="correctfeedback" TYPE="text" LENGTH="small" NOTNULL="true" SEQUENCE="false" COMMENT="Feedback shown for any correct response." PREVIOUS="shuffleanswers" NEXT="correctfeedbackformat"/>
        <FIELD NAME="correctfeedbackformat" TYPE="int" LENGTH="2" NOTNULL="true" UNSIGNED="false" DEFAULT="0" SEQUENCE="false" PREVIOUS="correctfeedback" NEXT="partiallycorrectfeedback"/>
        <FIELD NAME="partiallycorrectfeedback" TYPE="text" LENGTH="small" NOTNULL="true" SEQUENCE="false" COMMENT="Feedback shown for any partially correct response." PREVIOUS="correctfeedbackformat" NEXT="partiallycorrectfeedbackformat"/>
        <FIELD NAME="partiallycorrectfeedbackformat" TYPE="int" LENGTH="2" NOTNULL="true" UNSIGNED="false" DEFAULT="0" SEQUENCE="false" PREVIOUS="partiallycorrectfeedback" NEXT="incorrectfeedback"/>
        <FIELD NAME="incorrectfeedback" TYPE="text" LENGTH="small" NOTNULL="true" SEQUENCE="false" COMMENT="Feedback shown for any incorrect response." PREVIOUS="partiallycorrectfeedbackformat" NEXT="incorrectfeedbackformat"/>
        <FIELD NAME="incorrectfeedbackformat" TYPE="int" LENGTH="2" NOTNULL="true" UNSIGNED="false" DEFAULT="0" SEQUENCE="false" PREVIOUS="incorrectfeedback" NEXT="shownumcorrect"/>
        <FIELD NAME="shownumcorrect" TYPE="int" LENGTH="2" NOTNULL="true" UNSIGNED="true" DEFAULT="0" SEQUENCE="false" PREVIOUS="incorrectfeedbackformat" NEXT="showmisplaced"/>
        <FIELD NAME="showmisplaced" TYPE="int" LENGTH="4" NOTNULL="true" UNSIGNED="true" DEFAULT="0" SEQUENCE="false" PREVIOUS="shownumcorrect"/>
      </FIELDS>
      <KEYS>
        <KEY NAME="primary" TYPE="primary" FIELDS="id" NEXT="questionid"/>
        <KEY NAME="questionid" TYPE="foreign" FIELDS="questionid" REFTABLE="question" REFFIELDS="id" PREVIOUS="primary"/>
      </KEYS>
    </TABLE>
    <TABLE NAME="qtype_ddmarker_drops" COMMENT="drop regions" PREVIOUS="qtype_ddmarker" NEXT="qtype_ddmarker_drags">
      <FIELDS>
        <FIELD NAME="id" TYPE="int" LENGTH="10" NOTNULL="true" UNSIGNED="true" SEQUENCE="true" NEXT="questionid"/>
        <FIELD NAME="questionid" TYPE="int" LENGTH="10" NOTNULL="true" UNSIGNED="true" DEFAULT="0" SEQUENCE="false" PREVIOUS="id" NEXT="no"/>
        <FIELD NAME="no" TYPE="int" LENGTH="10" NOTNULL="true" UNSIGNED="true" DEFAULT="0" SEQUENCE="false" COMMENT="drop number" PREVIOUS="questionid" NEXT="shape"/>
        <FIELD NAME="shape" TYPE="char" LENGTH="255" NOTNULL="false" SEQUENCE="false" COMMENT="circle, rectangle, polygon" PREVIOUS="no" NEXT="coords"/>
        <FIELD NAME="coords" TYPE="text" LENGTH="big" NOTNULL="true" SEQUENCE="false" PREVIOUS="shape" NEXT="choice"/>
        <FIELD NAME="choice" TYPE="int" LENGTH="10" NOTNULL="true" UNSIGNED="true" DEFAULT="0" SEQUENCE="false" PREVIOUS="coords"/>
      </FIELDS>
      <KEYS>
        <KEY NAME="primary" TYPE="primary" FIELDS="id" NEXT="questionid"/>
        <KEY NAME="questionid" TYPE="foreign" FIELDS="questionid" REFTABLE="question" REFFIELDS="id" PREVIOUS="primary"/>
      </KEYS>
    </TABLE>
    <TABLE NAME="qtype_ddmarker_drags" COMMENT="Labels for markers to drag." PREVIOUS="qtype_ddmarker_drops">
      <FIELDS>
        <FIELD NAME="id" TYPE="int" LENGTH="10" NOTNULL="true" UNSIGNED="true" SEQUENCE="true" NEXT="questionid"/>
        <FIELD NAME="questionid" TYPE="int" LENGTH="10" NOTNULL="true" UNSIGNED="true" DEFAULT="0" SEQUENCE="false" PREVIOUS="id" NEXT="no"/>
        <FIELD NAME="no" TYPE="int" LENGTH="10" NOTNULL="true" UNSIGNED="true" DEFAULT="0" SEQUENCE="false" COMMENT="drag no" PREVIOUS="questionid" NEXT="label"/>
        <FIELD NAME="label" TYPE="text" LENGTH="medium" NOTNULL="true" SEQUENCE="false" COMMENT="Alt text label for drag-able image." PREVIOUS="no" NEXT="infinite"/>
        <FIELD NAME="infinite" TYPE="int" LENGTH="4" NOTNULL="true" UNSIGNED="true" DEFAULT="0" SEQUENCE="false" PREVIOUS="label"/>
      </FIELDS>
      <KEYS>
        <KEY NAME="primary" TYPE="primary" FIELDS="id" NEXT="questionid"/>
        <KEY NAME="questionid" TYPE="foreign" FIELDS="questionid" REFTABLE="question" REFFIELDS="id" PREVIOUS="primary"/>
      </KEYS>
    </TABLE>
  </TABLES>
</XMLDB>