<?xml version="1.0" encoding="UTF-8" ?>
<XMLDB PATH="question/type/multianswer/db" VERSION="20120122" COMMENT="XMLDB file for Moodle question/type/multianswer">
  <TABLES>
    <TABLE NAME="question_multianswer" COMMENT="Options for multianswer questions">
      <FIELDS>
        <FIELD NAME="id" TYPE="int" LENGTH="10" NOTNULL="true" SEQUENCE="true" NEXT="question"/>
        <FIELD NAME="question" TYPE="int" LENGTH="10" NOTNULL="true" DEFAULT="0" SEQUENCE="false" PREVIOUS="id" NEXT="sequence"/>
        <FIELD NAME="sequence" TYPE="text" NOTNULL="true" SEQUENCE="false" PREVIOUS="question"/>
      </FIELDS>
      <KEYS>
        <KEY NAME="primary" TYPE="primary" FIELDS="id" NEXT="question"/>
        <KEY NAME="question" TYPE="foreign" FIELDS="question" REFTABLE="question" REFFIELDS="id" PREVIOUS="primary"/>
      </KEYS>
    </TABLE>
  </TABLES>
</XMLDB>
