<?xml version="1.0" encoding="UTF-8" ?>
<XMLDB PATH="question/type/truefalse/db" VERSION="20120122" COMMENT="XMLDB file for Moodle question/type/truefalse"
    xmlns:xsi="http://www.w3.org/2001/XMLSchema-instance"
    xsi:noNamespaceSchemaLocation="../../../../lib/xmldb/xmldb.xsd"
>
  <TABLES>
    <TABLE NAME="question_truefalse" COMMENT="Options for True-False questions">
      <FIELDS>
        <FIELD NAME="id" TYPE="int" LENGTH="10" NOTNULL="true" SEQUENCE="true" NEXT="question"/>
        <FIELD NAME="question" TYPE="int" LENGTH="10" NOTNULL="true" DEFAULT="0" SEQUENCE="false" COMMENT="Foreign key references question.id." PREVIOUS="id" NEXT="trueanswer"/>
        <FIELD NAME="trueanswer" TYPE="int" LENGTH="10" NOTNULL="true" DEFAULT="0" SEQUENCE="false" COMMENT="Foreign key references question_answers.id. The 'True' choice." PREVIOUS="question" NEXT="falseanswer"/>
        <FIELD NAME="falseanswer" TYPE="int" LENGTH="10" NOTNULL="true" DEFAULT="0" SEQUENCE="false" COMMENT="Foreign key references question_answers.id. The 'False' choice." PREVIOUS="trueanswer"/>
      </FIELDS>
      <KEYS>
        <KEY NAME="primary" TYPE="primary" FIELDS="id" NEXT="question"/>
        <KEY NAME="question" TYPE="foreign" FIELDS="question" REFTABLE="question" REFFIELDS="id" PREVIOUS="primary"/>
      </KEYS>
    </TABLE>
  </TABLES>
</XMLDB>
